nmvw_actor,n_bb_object
https://hdl.handle.net/20.500.11840/pi1171,5
https://hdl.handle.net/20.500.11840/pi1197,2
https://hdl.handle.net/20.500.11840/pi1277,12
https://hdl.handle.net/20.500.11840/pi1340,1
https://hdl.handle.net/20.500.11840/pi1807,30
https://hdl.handle.net/20.500.11840/pi2038,1
https://hdl.handle.net/20.500.11840/pi2085,4
https://hdl.handle.net/20.500.11840/pi21165,133
https://hdl.handle.net/20.500.11840/pi2154,2
https://hdl.handle.net/20.500.11840/pi22151,3
https://hdl.handle.net/20.500.11840/pi2217,15
https://hdl.handle.net/20.500.11840/pi23133,4
https://hdl.handle.net/20.500.11840/pi23386,2
https://hdl.handle.net/20.500.11840/pi24549,6
https://hdl.handle.net/20.500.11840/pi24863,3
https://hdl.handle.net/20.500.11840/pi25688,3
https://hdl.handle.net/20.500.11840/pi26851,3
https://hdl.handle.net/20.500.11840/pi27332,1
https://hdl.handle.net/20.500.11840/pi27583,1
https://hdl.handle.net/20.500.11840/pi27587,1
https://hdl.handle.net/20.500.11840/pi27896,2
https://hdl.handle.net/20.500.11840/pi28029,3
https://hdl.handle.net/20.500.11840/pi28343,1
https://hdl.handle.net/20.500.11840/pi28347,22
https://hdl.handle.net/20.500.11840/pi28607,2
https://hdl.handle.net/20.500.11840/pi2868,1
https://hdl.handle.net/20.500.11840/pi29695,1
https://hdl.handle.net/20.500.11840/pi30081,1
https://hdl.handle.net/20.500.11840/pi30239,2
https://hdl.handle.net/20.500.11840/pi31783,20
https://hdl.handle.net/20.500.11840/pi32312,1
https://hdl.handle.net/20.500.11840/pi32395,36
https://hdl.handle.net/20.500.11840/pi3278,8
https://hdl.handle.net/20.500.11840/pi32841,8
https://hdl.handle.net/20.500.11840/pi3291,23
https://hdl.handle.net/20.500.11840/pi3552,1
https://hdl.handle.net/20.500.11840/pi3842,1
https://hdl.handle.net/20.500.11840/pi38652,17
https://hdl.handle.net/20.500.11840/pi38888,9
https://hdl.handle.net/20.500.11840/pi38895,2
https://hdl.handle.net/20.500.11840/pi39519,4
https://hdl.handle.net/20.500.11840/pi39987,1
https://hdl.handle.net/20.500.11840/pi40284,1
https://hdl.handle.net/20.500.11840/pi40510,1
https://hdl.handle.net/20.500.11840/pi4062,1
https://hdl.handle.net/20.500.11840/pi40805,2
https://hdl.handle.net/20.500.11840/pi41494,1
https://hdl.handle.net/20.500.11840/pi41754,5
https://hdl.handle.net/20.500.11840/pi41793,1
https://hdl.handle.net/20.500.11840/pi41815,9
https://hdl.handle.net/20.500.11840/pi41830,2
https://hdl.handle.net/20.500.11840/pi43225,141
https://hdl.handle.net/20.500.11840/pi43226,9
https://hdl.handle.net/20.500.11840/pi43284,1
https://hdl.handle.net/20.500.11840/pi43427,2
https://hdl.handle.net/20.500.11840/pi44785,2
https://hdl.handle.net/20.500.11840/pi46408,2
https://hdl.handle.net/20.500.11840/pi46569,1
https://hdl.handle.net/20.500.11840/pi47092,1
https://hdl.handle.net/20.500.11840/pi48321,1
https://hdl.handle.net/20.500.11840/pi48711,1
https://hdl.handle.net/20.500.11840/pi48724,2
https://hdl.handle.net/20.500.11840/pi48952,4
https://hdl.handle.net/20.500.11840/pi50084,1
https://hdl.handle.net/20.500.11840/pi50897,66
https://hdl.handle.net/20.500.11840/pi51574,1
https://hdl.handle.net/20.500.11840/pi51879,1
https://hdl.handle.net/20.500.11840/pi53078,133
https://hdl.handle.net/20.500.11840/pi53351,29
https://hdl.handle.net/20.500.11840/pi54815,74
https://hdl.handle.net/20.500.11840/pi54912,4
https://hdl.handle.net/20.500.11840/pi55308,1
https://hdl.handle.net/20.500.11840/pi56293,2
https://hdl.handle.net/20.500.11840/pi56919,1
https://hdl.handle.net/20.500.11840/pi57423,1
https://hdl.handle.net/20.500.11840/pi58103,4
https://hdl.handle.net/20.500.11840/pi58602,1
https://hdl.handle.net/20.500.11840/pi58688,1
https://hdl.handle.net/20.500.11840/pi58768,1
https://hdl.handle.net/20.500.11840/pi59038,30
https://hdl.handle.net/20.500.11840/pi59367,9
https://hdl.handle.net/20.500.11840/pi60962,1
https://hdl.handle.net/20.500.11840/pi62953,118
https://hdl.handle.net/20.500.11840/pi64108,12
https://hdl.handle.net/20.500.11840/pi68532,20
https://hdl.handle.net/20.500.11840/pi69727,3
https://hdl.handle.net/20.500.11840/pi75615,1
https://hdl.handle.net/20.500.11840/pi75798,1
https://hdl.handle.net/20.500.11840/pi75842,2
https://hdl.handle.net/20.500.11840/pi76155,1
https://hdl.handle.net/20.500.11840/pi76332,1
https://hdl.handle.net/20.500.11840/pi77153,2
https://hdl.handle.net/20.500.11840/pi78757,11
https://hdl.handle.net/20.500.11840/pi79221,13
https://hdl.handle.net/20.500.11840/pi79383,2
https://hdl.handle.net/20.500.11840/pi80277,2
https://hdl.handle.net/20.500.11840/pi8169,1
https://hdl.handle.net/20.500.11840/pi82006,28
https://hdl.handle.net/20.500.11840/pi82074,1
https://hdl.handle.net/20.500.11840/pi847,1
https://hdl.handle.net/20.500.11840/pi899,3
https://hdl.handle.net/20.500.11840/pi915,1