no_object,nmvw_actor
64,https://hdl.handle.net/20.500.11840/pi1000
2,https://hdl.handle.net/20.500.11840/pi1014
21,https://hdl.handle.net/20.500.11840/pi1019
1,https://hdl.handle.net/20.500.11840/pi1022
4,https://hdl.handle.net/20.500.11840/pi1029
4,https://hdl.handle.net/20.500.11840/pi1032
97,https://hdl.handle.net/20.500.11840/pi1049
1,https://hdl.handle.net/20.500.11840/pi1050
151,https://hdl.handle.net/20.500.11840/pi1054
1,https://hdl.handle.net/20.500.11840/pi1055
3,https://hdl.handle.net/20.500.11840/pi1057
2,https://hdl.handle.net/20.500.11840/pi1064
5,https://hdl.handle.net/20.500.11840/pi1067
1,https://hdl.handle.net/20.500.11840/pi1075
1,https://hdl.handle.net/20.500.11840/pi1076
1,https://hdl.handle.net/20.500.11840/pi1084
17,https://hdl.handle.net/20.500.11840/pi109
1,https://hdl.handle.net/20.500.11840/pi110
1,https://hdl.handle.net/20.500.11840/pi1111
1,https://hdl.handle.net/20.500.11840/pi112
6,https://hdl.handle.net/20.500.11840/pi1127
1,https://hdl.handle.net/20.500.11840/pi1130
24,https://hdl.handle.net/20.500.11840/pi1131
2,https://hdl.handle.net/20.500.11840/pi1145
18,https://hdl.handle.net/20.500.11840/pi1153
2,https://hdl.handle.net/20.500.11840/pi1154
9,https://hdl.handle.net/20.500.11840/pi1156
2,https://hdl.handle.net/20.500.11840/pi1159
4,https://hdl.handle.net/20.500.11840/pi1185
1,https://hdl.handle.net/20.500.11840/pi1187
2,https://hdl.handle.net/20.500.11840/pi1188
3,https://hdl.handle.net/20.500.11840/pi1197
18,https://hdl.handle.net/20.500.11840/pi1200
32,https://hdl.handle.net/20.500.11840/pi1206
1,https://hdl.handle.net/20.500.11840/pi1215
5,https://hdl.handle.net/20.500.11840/pi1223
1,https://hdl.handle.net/20.500.11840/pi1226
116,https://hdl.handle.net/20.500.11840/pi1241
2,https://hdl.handle.net/20.500.11840/pi1243
3,https://hdl.handle.net/20.500.11840/pi1246
1,https://hdl.handle.net/20.500.11840/pi1248
4,https://hdl.handle.net/20.500.11840/pi1252
3,https://hdl.handle.net/20.500.11840/pi1255
2,https://hdl.handle.net/20.500.11840/pi1260
5,https://hdl.handle.net/20.500.11840/pi1264
2,https://hdl.handle.net/20.500.11840/pi1272
1,https://hdl.handle.net/20.500.11840/pi1273
4,https://hdl.handle.net/20.500.11840/pi1282
4,https://hdl.handle.net/20.500.11840/pi1283
17,https://hdl.handle.net/20.500.11840/pi1293
1,https://hdl.handle.net/20.500.11840/pi1312
42,https://hdl.handle.net/20.500.11840/pi1315
2,https://hdl.handle.net/20.500.11840/pi1333
37,https://hdl.handle.net/20.500.11840/pi1337
4,https://hdl.handle.net/20.500.11840/pi1343
1,https://hdl.handle.net/20.500.11840/pi135
1,https://hdl.handle.net/20.500.11840/pi1352
3,https://hdl.handle.net/20.500.11840/pi1355
5,https://hdl.handle.net/20.500.11840/pi1359
1,https://hdl.handle.net/20.500.11840/pi136
45,https://hdl.handle.net/20.500.11840/pi1363
2,https://hdl.handle.net/20.500.11840/pi1375
2,https://hdl.handle.net/20.500.11840/pi1376
1,https://hdl.handle.net/20.500.11840/pi1377
2,https://hdl.handle.net/20.500.11840/pi1379
2,https://hdl.handle.net/20.500.11840/pi1391
86,https://hdl.handle.net/20.500.11840/pi1397
3,https://hdl.handle.net/20.500.11840/pi1398
1,https://hdl.handle.net/20.500.11840/pi1406
17,https://hdl.handle.net/20.500.11840/pi141
10,https://hdl.handle.net/20.500.11840/pi1412
1,https://hdl.handle.net/20.500.11840/pi1417
5,https://hdl.handle.net/20.500.11840/pi142
5,https://hdl.handle.net/20.500.11840/pi1422
10,https://hdl.handle.net/20.500.11840/pi1431
3,https://hdl.handle.net/20.500.11840/pi1436
1,https://hdl.handle.net/20.500.11840/pi1437
2,https://hdl.handle.net/20.500.11840/pi1439
1,https://hdl.handle.net/20.500.11840/pi1446
30,https://hdl.handle.net/20.500.11840/pi1454
1,https://hdl.handle.net/20.500.11840/pi1459
7,https://hdl.handle.net/20.500.11840/pi1466
7,https://hdl.handle.net/20.500.11840/pi1469
4,https://hdl.handle.net/20.500.11840/pi1481
2,https://hdl.handle.net/20.500.11840/pi1487
13,https://hdl.handle.net/20.500.11840/pi149
1,https://hdl.handle.net/20.500.11840/pi150
1,https://hdl.handle.net/20.500.11840/pi1506
7,https://hdl.handle.net/20.500.11840/pi1514
1,https://hdl.handle.net/20.500.11840/pi1516
95,https://hdl.handle.net/20.500.11840/pi1517
6,https://hdl.handle.net/20.500.11840/pi1527
5,https://hdl.handle.net/20.500.11840/pi1536
12,https://hdl.handle.net/20.500.11840/pi1544
1,https://hdl.handle.net/20.500.11840/pi1545
3,https://hdl.handle.net/20.500.11840/pi1550
2,https://hdl.handle.net/20.500.11840/pi1552
3,https://hdl.handle.net/20.500.11840/pi1554
40,https://hdl.handle.net/20.500.11840/pi1573
1,https://hdl.handle.net/20.500.11840/pi1597
3,https://hdl.handle.net/20.500.11840/pi1601
1,https://hdl.handle.net/20.500.11840/pi1607
5,https://hdl.handle.net/20.500.11840/pi1616
3,https://hdl.handle.net/20.500.11840/pi1625
1,https://hdl.handle.net/20.500.11840/pi1627
1,https://hdl.handle.net/20.500.11840/pi1628
1,https://hdl.handle.net/20.500.11840/pi1633
2,https://hdl.handle.net/20.500.11840/pi1641
12,https://hdl.handle.net/20.500.11840/pi1648
1,https://hdl.handle.net/20.500.11840/pi1655
13,https://hdl.handle.net/20.500.11840/pi1659
6,https://hdl.handle.net/20.500.11840/pi1660
1,https://hdl.handle.net/20.500.11840/pi1661
1,https://hdl.handle.net/20.500.11840/pi1666
6,https://hdl.handle.net/20.500.11840/pi1677
1,https://hdl.handle.net/20.500.11840/pi1685
1,https://hdl.handle.net/20.500.11840/pi1696
1,https://hdl.handle.net/20.500.11840/pi1701
1,https://hdl.handle.net/20.500.11840/pi1705
1,https://hdl.handle.net/20.500.11840/pi1706
1,https://hdl.handle.net/20.500.11840/pi1707
9,https://hdl.handle.net/20.500.11840/pi1709
1,https://hdl.handle.net/20.500.11840/pi1717
1,https://hdl.handle.net/20.500.11840/pi1718
1,https://hdl.handle.net/20.500.11840/pi1729
2,https://hdl.handle.net/20.500.11840/pi1751
1,https://hdl.handle.net/20.500.11840/pi1759
1,https://hdl.handle.net/20.500.11840/pi176
1,https://hdl.handle.net/20.500.11840/pi1760
1,https://hdl.handle.net/20.500.11840/pi1761
1,https://hdl.handle.net/20.500.11840/pi1764
2,https://hdl.handle.net/20.500.11840/pi1765
14,https://hdl.handle.net/20.500.11840/pi1786
12,https://hdl.handle.net/20.500.11840/pi179
180,https://hdl.handle.net/20.500.11840/pi1792
9,https://hdl.handle.net/20.500.11840/pi1793
18,https://hdl.handle.net/20.500.11840/pi1797
1,https://hdl.handle.net/20.500.11840/pi1798
1,https://hdl.handle.net/20.500.11840/pi18
2,https://hdl.handle.net/20.500.11840/pi1802
7,https://hdl.handle.net/20.500.11840/pi1815
23,https://hdl.handle.net/20.500.11840/pi1820
1,https://hdl.handle.net/20.500.11840/pi1828
5,https://hdl.handle.net/20.500.11840/pi184
1,https://hdl.handle.net/20.500.11840/pi1843
64,https://hdl.handle.net/20.500.11840/pi1844
1,https://hdl.handle.net/20.500.11840/pi1852
2,https://hdl.handle.net/20.500.11840/pi1862
4,https://hdl.handle.net/20.500.11840/pi1868
1,https://hdl.handle.net/20.500.11840/pi1875
22,https://hdl.handle.net/20.500.11840/pi1877
12,https://hdl.handle.net/20.500.11840/pi189
1,https://hdl.handle.net/20.500.11840/pi1892
1,https://hdl.handle.net/20.500.11840/pi1898
1,https://hdl.handle.net/20.500.11840/pi190
41,https://hdl.handle.net/20.500.11840/pi1908
27,https://hdl.handle.net/20.500.11840/pi1909
18,https://hdl.handle.net/20.500.11840/pi1910
2,https://hdl.handle.net/20.500.11840/pi1924
1,https://hdl.handle.net/20.500.11840/pi1927
67,https://hdl.handle.net/20.500.11840/pi1936
1,https://hdl.handle.net/20.500.11840/pi1940
495,https://hdl.handle.net/20.500.11840/pi1947
1,https://hdl.handle.net/20.500.11840/pi1951
8,https://hdl.handle.net/20.500.11840/pi1956
1,https://hdl.handle.net/20.500.11840/pi1957
1,https://hdl.handle.net/20.500.11840/pi1966
1,https://hdl.handle.net/20.500.11840/pi19747
8,https://hdl.handle.net/20.500.11840/pi1984
1,https://hdl.handle.net/20.500.11840/pi1992
2,https://hdl.handle.net/20.500.11840/pi1995
1,https://hdl.handle.net/20.500.11840/pi2007
1,https://hdl.handle.net/20.500.11840/pi2020
2,https://hdl.handle.net/20.500.11840/pi2026
1,https://hdl.handle.net/20.500.11840/pi2028
19,https://hdl.handle.net/20.500.11840/pi2035
33,https://hdl.handle.net/20.500.11840/pi2043
9,https://hdl.handle.net/20.500.11840/pi2049
1,https://hdl.handle.net/20.500.11840/pi20493
3,https://hdl.handle.net/20.500.11840/pi205
1,https://hdl.handle.net/20.500.11840/pi20503
2,https://hdl.handle.net/20.500.11840/pi20550
1,https://hdl.handle.net/20.500.11840/pi20553
2,https://hdl.handle.net/20.500.11840/pi20560
1,https://hdl.handle.net/20.500.11840/pi20566
1,https://hdl.handle.net/20.500.11840/pi20606
6,https://hdl.handle.net/20.500.11840/pi20607
3,https://hdl.handle.net/20.500.11840/pi20624
2,https://hdl.handle.net/20.500.11840/pi20627
1,https://hdl.handle.net/20.500.11840/pi2065
4,https://hdl.handle.net/20.500.11840/pi2067
1,https://hdl.handle.net/20.500.11840/pi20695
63,https://hdl.handle.net/20.500.11840/pi207
5,https://hdl.handle.net/20.500.11840/pi20709
1,https://hdl.handle.net/20.500.11840/pi2071
2,https://hdl.handle.net/20.500.11840/pi2074
2,https://hdl.handle.net/20.500.11840/pi20759
22,https://hdl.handle.net/20.500.11840/pi20772
1,https://hdl.handle.net/20.500.11840/pi20778
10,https://hdl.handle.net/20.500.11840/pi20781
1,https://hdl.handle.net/20.500.11840/pi20782
16,https://hdl.handle.net/20.500.11840/pi20784
4,https://hdl.handle.net/20.500.11840/pi20785
4,https://hdl.handle.net/20.500.11840/pi20788
1,https://hdl.handle.net/20.500.11840/pi20792
5,https://hdl.handle.net/20.500.11840/pi20801
2,https://hdl.handle.net/20.500.11840/pi20818
1,https://hdl.handle.net/20.500.11840/pi2082
1,https://hdl.handle.net/20.500.11840/pi20845
1,https://hdl.handle.net/20.500.11840/pi20847
5,https://hdl.handle.net/20.500.11840/pi20849
1,https://hdl.handle.net/20.500.11840/pi20857
1,https://hdl.handle.net/20.500.11840/pi20877
1,https://hdl.handle.net/20.500.11840/pi2088
3,https://hdl.handle.net/20.500.11840/pi20891
1,https://hdl.handle.net/20.500.11840/pi20921
3,https://hdl.handle.net/20.500.11840/pi20923
184,https://hdl.handle.net/20.500.11840/pi20938
9,https://hdl.handle.net/20.500.11840/pi20950
9,https://hdl.handle.net/20.500.11840/pi20953
4,https://hdl.handle.net/20.500.11840/pi2096
1,https://hdl.handle.net/20.500.11840/pi20961
3,https://hdl.handle.net/20.500.11840/pi20967
2,https://hdl.handle.net/20.500.11840/pi20969
2,https://hdl.handle.net/20.500.11840/pi2097
1,https://hdl.handle.net/20.500.11840/pi20974
4,https://hdl.handle.net/20.500.11840/pi20975
1,https://hdl.handle.net/20.500.11840/pi20979
4,https://hdl.handle.net/20.500.11840/pi20981
1,https://hdl.handle.net/20.500.11840/pi20984
2,https://hdl.handle.net/20.500.11840/pi20985
5,https://hdl.handle.net/20.500.11840/pi20987
1,https://hdl.handle.net/20.500.11840/pi21003
2,https://hdl.handle.net/20.500.11840/pi21011
1,https://hdl.handle.net/20.500.11840/pi21023
2,https://hdl.handle.net/20.500.11840/pi2103
5,https://hdl.handle.net/20.500.11840/pi21044
2,https://hdl.handle.net/20.500.11840/pi21047
10,https://hdl.handle.net/20.500.11840/pi21054
1,https://hdl.handle.net/20.500.11840/pi21059
2,https://hdl.handle.net/20.500.11840/pi2108
1,https://hdl.handle.net/20.500.11840/pi21081
35,https://hdl.handle.net/20.500.11840/pi2110
4,https://hdl.handle.net/20.500.11840/pi21126
1,https://hdl.handle.net/20.500.11840/pi21134
4,https://hdl.handle.net/20.500.11840/pi21168
7,https://hdl.handle.net/20.500.11840/pi21170
1,https://hdl.handle.net/20.500.11840/pi21179
1,https://hdl.handle.net/20.500.11840/pi2120
7,https://hdl.handle.net/20.500.11840/pi21236
28,https://hdl.handle.net/20.500.11840/pi21240
94,https://hdl.handle.net/20.500.11840/pi21241
1,https://hdl.handle.net/20.500.11840/pi21264
9,https://hdl.handle.net/20.500.11840/pi21266
9,https://hdl.handle.net/20.500.11840/pi21267
2,https://hdl.handle.net/20.500.11840/pi21268
1,https://hdl.handle.net/20.500.11840/pi21277
4,https://hdl.handle.net/20.500.11840/pi2131
1,https://hdl.handle.net/20.500.11840/pi21324
16,https://hdl.handle.net/20.500.11840/pi2145
19,https://hdl.handle.net/20.500.11840/pi2146
1,https://hdl.handle.net/20.500.11840/pi2150
1,https://hdl.handle.net/20.500.11840/pi21508
3,https://hdl.handle.net/20.500.11840/pi2156
8,https://hdl.handle.net/20.500.11840/pi216
3,https://hdl.handle.net/20.500.11840/pi21601
1,https://hdl.handle.net/20.500.11840/pi21644
2,https://hdl.handle.net/20.500.11840/pi21646
3,https://hdl.handle.net/20.500.11840/pi21658
1,https://hdl.handle.net/20.500.11840/pi2168
4,https://hdl.handle.net/20.500.11840/pi21726
10,https://hdl.handle.net/20.500.11840/pi21737
7,https://hdl.handle.net/20.500.11840/pi21738
1,https://hdl.handle.net/20.500.11840/pi2175
1,https://hdl.handle.net/20.500.11840/pi21780
3,https://hdl.handle.net/20.500.11840/pi21808
6,https://hdl.handle.net/20.500.11840/pi2186
15,https://hdl.handle.net/20.500.11840/pi219
30,https://hdl.handle.net/20.500.11840/pi2191
2,https://hdl.handle.net/20.500.11840/pi2197
1,https://hdl.handle.net/20.500.11840/pi21975
2,https://hdl.handle.net/20.500.11840/pi22038
6,https://hdl.handle.net/20.500.11840/pi2205
2,https://hdl.handle.net/20.500.11840/pi22085
2,https://hdl.handle.net/20.500.11840/pi22124
1,https://hdl.handle.net/20.500.11840/pi22126
12,https://hdl.handle.net/20.500.11840/pi2215
2,https://hdl.handle.net/20.500.11840/pi2217
3,https://hdl.handle.net/20.500.11840/pi2220
1,https://hdl.handle.net/20.500.11840/pi22211
2,https://hdl.handle.net/20.500.11840/pi22246
1,https://hdl.handle.net/20.500.11840/pi22251
2,https://hdl.handle.net/20.500.11840/pi2233
2,https://hdl.handle.net/20.500.11840/pi2237
76,https://hdl.handle.net/20.500.11840/pi22412
2,https://hdl.handle.net/20.500.11840/pi22422
3,https://hdl.handle.net/20.500.11840/pi2246
17,https://hdl.handle.net/20.500.11840/pi2247
2,https://hdl.handle.net/20.500.11840/pi2249
20,https://hdl.handle.net/20.500.11840/pi225
46,https://hdl.handle.net/20.500.11840/pi22518
1,https://hdl.handle.net/20.500.11840/pi22519
7,https://hdl.handle.net/20.500.11840/pi22520
2,https://hdl.handle.net/20.500.11840/pi22535
95,https://hdl.handle.net/20.500.11840/pi22588
179,https://hdl.handle.net/20.500.11840/pi22605
1,https://hdl.handle.net/20.500.11840/pi22617
258,https://hdl.handle.net/20.500.11840/pi2266
10,https://hdl.handle.net/20.500.11840/pi22661
95,https://hdl.handle.net/20.500.11840/pi22662
1,https://hdl.handle.net/20.500.11840/pi22701
82,https://hdl.handle.net/20.500.11840/pi22712
1,https://hdl.handle.net/20.500.11840/pi2272
8,https://hdl.handle.net/20.500.11840/pi22767
1,https://hdl.handle.net/20.500.11840/pi2280
1,https://hdl.handle.net/20.500.11840/pi22812
1,https://hdl.handle.net/20.500.11840/pi22846
2,https://hdl.handle.net/20.500.11840/pi22853
1,https://hdl.handle.net/20.500.11840/pi2286
1,https://hdl.handle.net/20.500.11840/pi2305
27,https://hdl.handle.net/20.500.11840/pi2308
1,https://hdl.handle.net/20.500.11840/pi2309
3,https://hdl.handle.net/20.500.11840/pi2311
4,https://hdl.handle.net/20.500.11840/pi2324
5,https://hdl.handle.net/20.500.11840/pi233
2,https://hdl.handle.net/20.500.11840/pi2330
6,https://hdl.handle.net/20.500.11840/pi2333
2,https://hdl.handle.net/20.500.11840/pi234
2,https://hdl.handle.net/20.500.11840/pi2346
2,https://hdl.handle.net/20.500.11840/pi2351
20,https://hdl.handle.net/20.500.11840/pi2354
18,https://hdl.handle.net/20.500.11840/pi2355
5,https://hdl.handle.net/20.500.11840/pi236
1,https://hdl.handle.net/20.500.11840/pi2368
2,https://hdl.handle.net/20.500.11840/pi2369
1,https://hdl.handle.net/20.500.11840/pi2373
1,https://hdl.handle.net/20.500.11840/pi2377
1,https://hdl.handle.net/20.500.11840/pi238
1,https://hdl.handle.net/20.500.11840/pi2381
1,https://hdl.handle.net/20.500.11840/pi2382
3,https://hdl.handle.net/20.500.11840/pi2385
1,https://hdl.handle.net/20.500.11840/pi23953
1,https://hdl.handle.net/20.500.11840/pi2417
39,https://hdl.handle.net/20.500.11840/pi24233
43,https://hdl.handle.net/20.500.11840/pi2427
1,https://hdl.handle.net/20.500.11840/pi2438
3,https://hdl.handle.net/20.500.11840/pi2441
3,https://hdl.handle.net/20.500.11840/pi2444
2,https://hdl.handle.net/20.500.11840/pi2446
1,https://hdl.handle.net/20.500.11840/pi245
8,https://hdl.handle.net/20.500.11840/pi2461
1,https://hdl.handle.net/20.500.11840/pi2463
4,https://hdl.handle.net/20.500.11840/pi2466
3,https://hdl.handle.net/20.500.11840/pi2472
14,https://hdl.handle.net/20.500.11840/pi2474
8,https://hdl.handle.net/20.500.11840/pi2485
9,https://hdl.handle.net/20.500.11840/pi2489
3,https://hdl.handle.net/20.500.11840/pi2490
1,https://hdl.handle.net/20.500.11840/pi2494
13,https://hdl.handle.net/20.500.11840/pi2502
1,https://hdl.handle.net/20.500.11840/pi2506
6,https://hdl.handle.net/20.500.11840/pi251
12,https://hdl.handle.net/20.500.11840/pi2518
11,https://hdl.handle.net/20.500.11840/pi2533
4,https://hdl.handle.net/20.500.11840/pi2541
1,https://hdl.handle.net/20.500.11840/pi255
17,https://hdl.handle.net/20.500.11840/pi2558
1,https://hdl.handle.net/20.500.11840/pi2559
123,https://hdl.handle.net/20.500.11840/pi2560
7,https://hdl.handle.net/20.500.11840/pi2566
10,https://hdl.handle.net/20.500.11840/pi2569
1,https://hdl.handle.net/20.500.11840/pi2576
1,https://hdl.handle.net/20.500.11840/pi2579
33,https://hdl.handle.net/20.500.11840/pi2582
1,https://hdl.handle.net/20.500.11840/pi2584
9,https://hdl.handle.net/20.500.11840/pi2585
12,https://hdl.handle.net/20.500.11840/pi2590
3,https://hdl.handle.net/20.500.11840/pi260
6,https://hdl.handle.net/20.500.11840/pi26018
7,https://hdl.handle.net/20.500.11840/pi2603
2,https://hdl.handle.net/20.500.11840/pi2609
1,https://hdl.handle.net/20.500.11840/pi2616
2,https://hdl.handle.net/20.500.11840/pi2624
1,https://hdl.handle.net/20.500.11840/pi2643
1,https://hdl.handle.net/20.500.11840/pi2647
2,https://hdl.handle.net/20.500.11840/pi265
31,https://hdl.handle.net/20.500.11840/pi2652
5,https://hdl.handle.net/20.500.11840/pi2658
13,https://hdl.handle.net/20.500.11840/pi2664
1,https://hdl.handle.net/20.500.11840/pi2665
3,https://hdl.handle.net/20.500.11840/pi2669
15,https://hdl.handle.net/20.500.11840/pi2672
76,https://hdl.handle.net/20.500.11840/pi2677
3,https://hdl.handle.net/20.500.11840/pi2685
7,https://hdl.handle.net/20.500.11840/pi2687
13,https://hdl.handle.net/20.500.11840/pi26956
4,https://hdl.handle.net/20.500.11840/pi2701
3,https://hdl.handle.net/20.500.11840/pi2706
15,https://hdl.handle.net/20.500.11840/pi2711
1,https://hdl.handle.net/20.500.11840/pi2713
1,https://hdl.handle.net/20.500.11840/pi2722
3,https://hdl.handle.net/20.500.11840/pi2727
3,https://hdl.handle.net/20.500.11840/pi27271
1,https://hdl.handle.net/20.500.11840/pi2731
1,https://hdl.handle.net/20.500.11840/pi2737
1,https://hdl.handle.net/20.500.11840/pi2740
4,https://hdl.handle.net/20.500.11840/pi2742
104,https://hdl.handle.net/20.500.11840/pi2747
25,https://hdl.handle.net/20.500.11840/pi2748
8,https://hdl.handle.net/20.500.11840/pi275
1,https://hdl.handle.net/20.500.11840/pi2757
2,https://hdl.handle.net/20.500.11840/pi2758
1,https://hdl.handle.net/20.500.11840/pi2768
1,https://hdl.handle.net/20.500.11840/pi2771
2,https://hdl.handle.net/20.500.11840/pi2773
2,https://hdl.handle.net/20.500.11840/pi2777
3,https://hdl.handle.net/20.500.11840/pi27779
4,https://hdl.handle.net/20.500.11840/pi2781
1,https://hdl.handle.net/20.500.11840/pi2789
4,https://hdl.handle.net/20.500.11840/pi279
3,https://hdl.handle.net/20.500.11840/pi2801
1,https://hdl.handle.net/20.500.11840/pi2803
43,https://hdl.handle.net/20.500.11840/pi2810
1,https://hdl.handle.net/20.500.11840/pi2812
7,https://hdl.handle.net/20.500.11840/pi28181
9,https://hdl.handle.net/20.500.11840/pi2819
2,https://hdl.handle.net/20.500.11840/pi2830
2,https://hdl.handle.net/20.500.11840/pi2838
19,https://hdl.handle.net/20.500.11840/pi2844
15,https://hdl.handle.net/20.500.11840/pi2845
2,https://hdl.handle.net/20.500.11840/pi2851
31,https://hdl.handle.net/20.500.11840/pi2863
1,https://hdl.handle.net/20.500.11840/pi28664
2,https://hdl.handle.net/20.500.11840/pi28676
12,https://hdl.handle.net/20.500.11840/pi28680
3,https://hdl.handle.net/20.500.11840/pi2869
1,https://hdl.handle.net/20.500.11840/pi2874
1,https://hdl.handle.net/20.500.11840/pi2877
2,https://hdl.handle.net/20.500.11840/pi2879
3,https://hdl.handle.net/20.500.11840/pi2886
5,https://hdl.handle.net/20.500.11840/pi2889
1,https://hdl.handle.net/20.500.11840/pi2901
2,https://hdl.handle.net/20.500.11840/pi2908
2,https://hdl.handle.net/20.500.11840/pi292
1,https://hdl.handle.net/20.500.11840/pi29206
1,https://hdl.handle.net/20.500.11840/pi2931
2,https://hdl.handle.net/20.500.11840/pi2935
7,https://hdl.handle.net/20.500.11840/pi2937
1,https://hdl.handle.net/20.500.11840/pi294
2,https://hdl.handle.net/20.500.11840/pi2940
1,https://hdl.handle.net/20.500.11840/pi295
2,https://hdl.handle.net/20.500.11840/pi296
2,https://hdl.handle.net/20.500.11840/pi2962
3,https://hdl.handle.net/20.500.11840/pi2974
2,https://hdl.handle.net/20.500.11840/pi2976
2,https://hdl.handle.net/20.500.11840/pi2979
12,https://hdl.handle.net/20.500.11840/pi2981
1,https://hdl.handle.net/20.500.11840/pi29922
4,https://hdl.handle.net/20.500.11840/pi2999
1,https://hdl.handle.net/20.500.11840/pi3011
2,https://hdl.handle.net/20.500.11840/pi3012
3,https://hdl.handle.net/20.500.11840/pi3021
2,https://hdl.handle.net/20.500.11840/pi3023
2,https://hdl.handle.net/20.500.11840/pi3033
1,https://hdl.handle.net/20.500.11840/pi3034
5,https://hdl.handle.net/20.500.11840/pi3046
1,https://hdl.handle.net/20.500.11840/pi3054
1,https://hdl.handle.net/20.500.11840/pi3056
4,https://hdl.handle.net/20.500.11840/pi30590
1,https://hdl.handle.net/20.500.11840/pi3065
17,https://hdl.handle.net/20.500.11840/pi3072
1,https://hdl.handle.net/20.500.11840/pi3076
2,https://hdl.handle.net/20.500.11840/pi3080
1,https://hdl.handle.net/20.500.11840/pi3081
2,https://hdl.handle.net/20.500.11840/pi3086
2,https://hdl.handle.net/20.500.11840/pi3095
1,https://hdl.handle.net/20.500.11840/pi3099
1,https://hdl.handle.net/20.500.11840/pi3102
5,https://hdl.handle.net/20.500.11840/pi3104
1,https://hdl.handle.net/20.500.11840/pi3112
1,https://hdl.handle.net/20.500.11840/pi3113
1,https://hdl.handle.net/20.500.11840/pi3116
2,https://hdl.handle.net/20.500.11840/pi3119
1,https://hdl.handle.net/20.500.11840/pi3123
10,https://hdl.handle.net/20.500.11840/pi3138
2,https://hdl.handle.net/20.500.11840/pi315
7,https://hdl.handle.net/20.500.11840/pi3153
1,https://hdl.handle.net/20.500.11840/pi3159
9,https://hdl.handle.net/20.500.11840/pi3161
5,https://hdl.handle.net/20.500.11840/pi3162
2,https://hdl.handle.net/20.500.11840/pi3169
9,https://hdl.handle.net/20.500.11840/pi31708
15,https://hdl.handle.net/20.500.11840/pi3172
2,https://hdl.handle.net/20.500.11840/pi3184
33,https://hdl.handle.net/20.500.11840/pi3187
3,https://hdl.handle.net/20.500.11840/pi3193
2,https://hdl.handle.net/20.500.11840/pi3203
1,https://hdl.handle.net/20.500.11840/pi3214
5,https://hdl.handle.net/20.500.11840/pi3224
10,https://hdl.handle.net/20.500.11840/pi3225
16,https://hdl.handle.net/20.500.11840/pi3228
9,https://hdl.handle.net/20.500.11840/pi323
1,https://hdl.handle.net/20.500.11840/pi32318
1,https://hdl.handle.net/20.500.11840/pi32346
6,https://hdl.handle.net/20.500.11840/pi3235
1,https://hdl.handle.net/20.500.11840/pi3238
12,https://hdl.handle.net/20.500.11840/pi3240
1,https://hdl.handle.net/20.500.11840/pi3241
1,https://hdl.handle.net/20.500.11840/pi3243
1,https://hdl.handle.net/20.500.11840/pi3244
9,https://hdl.handle.net/20.500.11840/pi3251
1,https://hdl.handle.net/20.500.11840/pi3252
65,https://hdl.handle.net/20.500.11840/pi3254
3,https://hdl.handle.net/20.500.11840/pi3259
7,https://hdl.handle.net/20.500.11840/pi3260
2,https://hdl.handle.net/20.500.11840/pi3271
2,https://hdl.handle.net/20.500.11840/pi32779
2,https://hdl.handle.net/20.500.11840/pi3286
1,https://hdl.handle.net/20.500.11840/pi3289
1,https://hdl.handle.net/20.500.11840/pi3294
2,https://hdl.handle.net/20.500.11840/pi331
14,https://hdl.handle.net/20.500.11840/pi3320
199,https://hdl.handle.net/20.500.11840/pi3325
1,https://hdl.handle.net/20.500.11840/pi3329
1,https://hdl.handle.net/20.500.11840/pi33295
1,https://hdl.handle.net/20.500.11840/pi33297
20,https://hdl.handle.net/20.500.11840/pi3333
1,https://hdl.handle.net/20.500.11840/pi33331
31,https://hdl.handle.net/20.500.11840/pi33362
2,https://hdl.handle.net/20.500.11840/pi3337
22,https://hdl.handle.net/20.500.11840/pi33375
1,https://hdl.handle.net/20.500.11840/pi3342
1,https://hdl.handle.net/20.500.11840/pi3354
163,https://hdl.handle.net/20.500.11840/pi3358
183,https://hdl.handle.net/20.500.11840/pi3359
5,https://hdl.handle.net/20.500.11840/pi33629
8,https://hdl.handle.net/20.500.11840/pi3365
15,https://hdl.handle.net/20.500.11840/pi3403
3,https://hdl.handle.net/20.500.11840/pi3404
8,https://hdl.handle.net/20.500.11840/pi3408
10,https://hdl.handle.net/20.500.11840/pi34145
25,https://hdl.handle.net/20.500.11840/pi3423
6,https://hdl.handle.net/20.500.11840/pi3427
16,https://hdl.handle.net/20.500.11840/pi3433
1,https://hdl.handle.net/20.500.11840/pi3446
2,https://hdl.handle.net/20.500.11840/pi3454
9,https://hdl.handle.net/20.500.11840/pi3463
5,https://hdl.handle.net/20.500.11840/pi347
2,https://hdl.handle.net/20.500.11840/pi3480
1,https://hdl.handle.net/20.500.11840/pi3507
1,https://hdl.handle.net/20.500.11840/pi3513
1,https://hdl.handle.net/20.500.11840/pi3523
2,https://hdl.handle.net/20.500.11840/pi3529
1,https://hdl.handle.net/20.500.11840/pi35347
47,https://hdl.handle.net/20.500.11840/pi3535
2,https://hdl.handle.net/20.500.11840/pi354
2,https://hdl.handle.net/20.500.11840/pi3551
1,https://hdl.handle.net/20.500.11840/pi3552
2,https://hdl.handle.net/20.500.11840/pi35556
4,https://hdl.handle.net/20.500.11840/pi3564
4,https://hdl.handle.net/20.500.11840/pi3565
1,https://hdl.handle.net/20.500.11840/pi3566
3,https://hdl.handle.net/20.500.11840/pi3579
1,https://hdl.handle.net/20.500.11840/pi35808
6,https://hdl.handle.net/20.500.11840/pi3589
46,https://hdl.handle.net/20.500.11840/pi3590
2,https://hdl.handle.net/20.500.11840/pi3592
23,https://hdl.handle.net/20.500.11840/pi35925
1,https://hdl.handle.net/20.500.11840/pi35973
1,https://hdl.handle.net/20.500.11840/pi3600
69,https://hdl.handle.net/20.500.11840/pi3602
1,https://hdl.handle.net/20.500.11840/pi3605
33,https://hdl.handle.net/20.500.11840/pi361
1,https://hdl.handle.net/20.500.11840/pi3612
9,https://hdl.handle.net/20.500.11840/pi3619
2,https://hdl.handle.net/20.500.11840/pi3622
1,https://hdl.handle.net/20.500.11840/pi3637
1,https://hdl.handle.net/20.500.11840/pi3642
7,https://hdl.handle.net/20.500.11840/pi3646
1,https://hdl.handle.net/20.500.11840/pi36545
3,https://hdl.handle.net/20.500.11840/pi36565
3,https://hdl.handle.net/20.500.11840/pi36612
25,https://hdl.handle.net/20.500.11840/pi36613
1,https://hdl.handle.net/20.500.11840/pi3668
4,https://hdl.handle.net/20.500.11840/pi3671
1,https://hdl.handle.net/20.500.11840/pi3672
2,https://hdl.handle.net/20.500.11840/pi3681
4,https://hdl.handle.net/20.500.11840/pi3683
4,https://hdl.handle.net/20.500.11840/pi369
4,https://hdl.handle.net/20.500.11840/pi36931
5,https://hdl.handle.net/20.500.11840/pi3698
2,https://hdl.handle.net/20.500.11840/pi3701
37,https://hdl.handle.net/20.500.11840/pi3705
3,https://hdl.handle.net/20.500.11840/pi3707
107,https://hdl.handle.net/20.500.11840/pi3708
116,https://hdl.handle.net/20.500.11840/pi3709
10,https://hdl.handle.net/20.500.11840/pi3710
4,https://hdl.handle.net/20.500.11840/pi3711
2,https://hdl.handle.net/20.500.11840/pi3720
1,https://hdl.handle.net/20.500.11840/pi3722
5,https://hdl.handle.net/20.500.11840/pi3723
4,https://hdl.handle.net/20.500.11840/pi3727
2,https://hdl.handle.net/20.500.11840/pi3733
4,https://hdl.handle.net/20.500.11840/pi3734
8,https://hdl.handle.net/20.500.11840/pi3735
3,https://hdl.handle.net/20.500.11840/pi3737
1,https://hdl.handle.net/20.500.11840/pi3743
8,https://hdl.handle.net/20.500.11840/pi3757
2,https://hdl.handle.net/20.500.11840/pi3761
24,https://hdl.handle.net/20.500.11840/pi3762
4,https://hdl.handle.net/20.500.11840/pi3765
50,https://hdl.handle.net/20.500.11840/pi377
1,https://hdl.handle.net/20.500.11840/pi3775
27,https://hdl.handle.net/20.500.11840/pi3778
3,https://hdl.handle.net/20.500.11840/pi378
1,https://hdl.handle.net/20.500.11840/pi3791
4,https://hdl.handle.net/20.500.11840/pi37918
1,https://hdl.handle.net/20.500.11840/pi3796
3,https://hdl.handle.net/20.500.11840/pi3803
2,https://hdl.handle.net/20.500.11840/pi3804
1,https://hdl.handle.net/20.500.11840/pi3806
1,https://hdl.handle.net/20.500.11840/pi3808
40,https://hdl.handle.net/20.500.11840/pi38103
2,https://hdl.handle.net/20.500.11840/pi38113
1,https://hdl.handle.net/20.500.11840/pi3812
1,https://hdl.handle.net/20.500.11840/pi38125
1,https://hdl.handle.net/20.500.11840/pi38130
3,https://hdl.handle.net/20.500.11840/pi38137
49,https://hdl.handle.net/20.500.11840/pi38169
2,https://hdl.handle.net/20.500.11840/pi3817
2,https://hdl.handle.net/20.500.11840/pi38181
8,https://hdl.handle.net/20.500.11840/pi38199
2,https://hdl.handle.net/20.500.11840/pi3820
8,https://hdl.handle.net/20.500.11840/pi38204
33,https://hdl.handle.net/20.500.11840/pi38228
4,https://hdl.handle.net/20.500.11840/pi3823
1,https://hdl.handle.net/20.500.11840/pi38250
8,https://hdl.handle.net/20.500.11840/pi38289
8,https://hdl.handle.net/20.500.11840/pi38293
1,https://hdl.handle.net/20.500.11840/pi3830
1,https://hdl.handle.net/20.500.11840/pi38304
2,https://hdl.handle.net/20.500.11840/pi38308
2,https://hdl.handle.net/20.500.11840/pi38354
1,https://hdl.handle.net/20.500.11840/pi38358
6,https://hdl.handle.net/20.500.11840/pi38359
22,https://hdl.handle.net/20.500.11840/pi38362
306,https://hdl.handle.net/20.500.11840/pi3840
12,https://hdl.handle.net/20.500.11840/pi38417
1,https://hdl.handle.net/20.500.11840/pi38422
2,https://hdl.handle.net/20.500.11840/pi38451
9,https://hdl.handle.net/20.500.11840/pi38456
1,https://hdl.handle.net/20.500.11840/pi3847
1,https://hdl.handle.net/20.500.11840/pi38472
2,https://hdl.handle.net/20.500.11840/pi38483
1,https://hdl.handle.net/20.500.11840/pi38484
2,https://hdl.handle.net/20.500.11840/pi3853
28,https://hdl.handle.net/20.500.11840/pi3857
1,https://hdl.handle.net/20.500.11840/pi3860
1,https://hdl.handle.net/20.500.11840/pi38602
3,https://hdl.handle.net/20.500.11840/pi3861
6,https://hdl.handle.net/20.500.11840/pi38652
30,https://hdl.handle.net/20.500.11840/pi38689
4,https://hdl.handle.net/20.500.11840/pi3878
32,https://hdl.handle.net/20.500.11840/pi38822
1,https://hdl.handle.net/20.500.11840/pi38899
1,https://hdl.handle.net/20.500.11840/pi3890
2,https://hdl.handle.net/20.500.11840/pi3898
1,https://hdl.handle.net/20.500.11840/pi39067
103,https://hdl.handle.net/20.500.11840/pi39090
2,https://hdl.handle.net/20.500.11840/pi39093
2,https://hdl.handle.net/20.500.11840/pi39094
3,https://hdl.handle.net/20.500.11840/pi39098
311,https://hdl.handle.net/20.500.11840/pi39120
1,https://hdl.handle.net/20.500.11840/pi3913
59,https://hdl.handle.net/20.500.11840/pi39166
1,https://hdl.handle.net/20.500.11840/pi39174
1,https://hdl.handle.net/20.500.11840/pi39175
1,https://hdl.handle.net/20.500.11840/pi3918
7,https://hdl.handle.net/20.500.11840/pi3919
1,https://hdl.handle.net/20.500.11840/pi39191
3,https://hdl.handle.net/20.500.11840/pi39196
4,https://hdl.handle.net/20.500.11840/pi39225
2,https://hdl.handle.net/20.500.11840/pi3926
1,https://hdl.handle.net/20.500.11840/pi3928
7,https://hdl.handle.net/20.500.11840/pi39284
7,https://hdl.handle.net/20.500.11840/pi39285
1,https://hdl.handle.net/20.500.11840/pi39286
1,https://hdl.handle.net/20.500.11840/pi3931
6,https://hdl.handle.net/20.500.11840/pi3932
1,https://hdl.handle.net/20.500.11840/pi39339
1,https://hdl.handle.net/20.500.11840/pi39340
1,https://hdl.handle.net/20.500.11840/pi39341
14,https://hdl.handle.net/20.500.11840/pi39363
12,https://hdl.handle.net/20.500.11840/pi39364
3,https://hdl.handle.net/20.500.11840/pi39376
14,https://hdl.handle.net/20.500.11840/pi39396
2,https://hdl.handle.net/20.500.11840/pi3940
1,https://hdl.handle.net/20.500.11840/pi39434
1,https://hdl.handle.net/20.500.11840/pi39439
1,https://hdl.handle.net/20.500.11840/pi39489
3,https://hdl.handle.net/20.500.11840/pi39492
30,https://hdl.handle.net/20.500.11840/pi39493
1,https://hdl.handle.net/20.500.11840/pi39497
1,https://hdl.handle.net/20.500.11840/pi39508
6,https://hdl.handle.net/20.500.11840/pi39509
1,https://hdl.handle.net/20.500.11840/pi39510
1,https://hdl.handle.net/20.500.11840/pi39511
2,https://hdl.handle.net/20.500.11840/pi39524
5,https://hdl.handle.net/20.500.11840/pi39526
2,https://hdl.handle.net/20.500.11840/pi39557
11,https://hdl.handle.net/20.500.11840/pi39562
210,https://hdl.handle.net/20.500.11840/pi3957
57,https://hdl.handle.net/20.500.11840/pi39586
5,https://hdl.handle.net/20.500.11840/pi39591
2,https://hdl.handle.net/20.500.11840/pi396
4,https://hdl.handle.net/20.500.11840/pi39685
3,https://hdl.handle.net/20.500.11840/pi3971
4,https://hdl.handle.net/20.500.11840/pi39783
10,https://hdl.handle.net/20.500.11840/pi39801
4,https://hdl.handle.net/20.500.11840/pi39814
2,https://hdl.handle.net/20.500.11840/pi39861
2,https://hdl.handle.net/20.500.11840/pi3989
1,https://hdl.handle.net/20.500.11840/pi39898
7,https://hdl.handle.net/20.500.11840/pi39899
1,https://hdl.handle.net/20.500.11840/pi39917
2,https://hdl.handle.net/20.500.11840/pi39930
2,https://hdl.handle.net/20.500.11840/pi39931
4,https://hdl.handle.net/20.500.11840/pi39945
4,https://hdl.handle.net/20.500.11840/pi39946
1,https://hdl.handle.net/20.500.11840/pi39955
9,https://hdl.handle.net/20.500.11840/pi39982
13,https://hdl.handle.net/20.500.11840/pi3999
44,https://hdl.handle.net/20.500.11840/pi40037
1,https://hdl.handle.net/20.500.11840/pi40049
335,https://hdl.handle.net/20.500.11840/pi4016
10,https://hdl.handle.net/20.500.11840/pi4023
20,https://hdl.handle.net/20.500.11840/pi40246
2,https://hdl.handle.net/20.500.11840/pi4027
24746,https://hdl.handle.net/20.500.11840/pi40292
20,https://hdl.handle.net/20.500.11840/pi4033
5,https://hdl.handle.net/20.500.11840/pi40332
1,https://hdl.handle.net/20.500.11840/pi40333
4,https://hdl.handle.net/20.500.11840/pi40334
3,https://hdl.handle.net/20.500.11840/pi40348
52,https://hdl.handle.net/20.500.11840/pi40385
11,https://hdl.handle.net/20.500.11840/pi40393
8,https://hdl.handle.net/20.500.11840/pi40394
1,https://hdl.handle.net/20.500.11840/pi404
1,https://hdl.handle.net/20.500.11840/pi40464
5,https://hdl.handle.net/20.500.11840/pi4047
2,https://hdl.handle.net/20.500.11840/pi40474
2,https://hdl.handle.net/20.500.11840/pi40491
2,https://hdl.handle.net/20.500.11840/pi40492
1,https://hdl.handle.net/20.500.11840/pi40493
5,https://hdl.handle.net/20.500.11840/pi40504
4,https://hdl.handle.net/20.500.11840/pi40505
1,https://hdl.handle.net/20.500.11840/pi40530
4,https://hdl.handle.net/20.500.11840/pi40532
1,https://hdl.handle.net/20.500.11840/pi40533
1,https://hdl.handle.net/20.500.11840/pi40553
1,https://hdl.handle.net/20.500.11840/pi40559
3,https://hdl.handle.net/20.500.11840/pi4056
1,https://hdl.handle.net/20.500.11840/pi40565
34,https://hdl.handle.net/20.500.11840/pi40579
1,https://hdl.handle.net/20.500.11840/pi4058
2,https://hdl.handle.net/20.500.11840/pi40581
13,https://hdl.handle.net/20.500.11840/pi40600
1,https://hdl.handle.net/20.500.11840/pi40607
1,https://hdl.handle.net/20.500.11840/pi40608
1,https://hdl.handle.net/20.500.11840/pi40609
1,https://hdl.handle.net/20.500.11840/pi40612
20,https://hdl.handle.net/20.500.11840/pi40633
5,https://hdl.handle.net/20.500.11840/pi40644
6,https://hdl.handle.net/20.500.11840/pi40698
15,https://hdl.handle.net/20.500.11840/pi40779
46,https://hdl.handle.net/20.500.11840/pi40804
2,https://hdl.handle.net/20.500.11840/pi40833
2,https://hdl.handle.net/20.500.11840/pi4085
1,https://hdl.handle.net/20.500.11840/pi40859
27,https://hdl.handle.net/20.500.11840/pi40867
36,https://hdl.handle.net/20.500.11840/pi40925
23,https://hdl.handle.net/20.500.11840/pi40995
1,https://hdl.handle.net/20.500.11840/pi4102
24,https://hdl.handle.net/20.500.11840/pi4104
20,https://hdl.handle.net/20.500.11840/pi41059
87,https://hdl.handle.net/20.500.11840/pi41095
8,https://hdl.handle.net/20.500.11840/pi41131
29,https://hdl.handle.net/20.500.11840/pi41157
1,https://hdl.handle.net/20.500.11840/pi41185
1,https://hdl.handle.net/20.500.11840/pi41189
26,https://hdl.handle.net/20.500.11840/pi41190
13,https://hdl.handle.net/20.500.11840/pi41203
162,https://hdl.handle.net/20.500.11840/pi41210
1,https://hdl.handle.net/20.500.11840/pi4123
8,https://hdl.handle.net/20.500.11840/pi41265
2,https://hdl.handle.net/20.500.11840/pi41381
6,https://hdl.handle.net/20.500.11840/pi41386
1,https://hdl.handle.net/20.500.11840/pi4146
88,https://hdl.handle.net/20.500.11840/pi41491
97,https://hdl.handle.net/20.500.11840/pi41551
6,https://hdl.handle.net/20.500.11840/pi41555
2,https://hdl.handle.net/20.500.11840/pi4156
15,https://hdl.handle.net/20.500.11840/pi4159
174,https://hdl.handle.net/20.500.11840/pi41614
202,https://hdl.handle.net/20.500.11840/pi41620
1,https://hdl.handle.net/20.500.11840/pi4165
1,https://hdl.handle.net/20.500.11840/pi41650
10,https://hdl.handle.net/20.500.11840/pi41657
14,https://hdl.handle.net/20.500.11840/pi41669
10,https://hdl.handle.net/20.500.11840/pi41671
12,https://hdl.handle.net/20.500.11840/pi41675
8,https://hdl.handle.net/20.500.11840/pi41703
14,https://hdl.handle.net/20.500.11840/pi4173
1,https://hdl.handle.net/20.500.11840/pi4177
6,https://hdl.handle.net/20.500.11840/pi4181
81,https://hdl.handle.net/20.500.11840/pi41925
10,https://hdl.handle.net/20.500.11840/pi41944
52,https://hdl.handle.net/20.500.11840/pi41964
382,https://hdl.handle.net/20.500.11840/pi41986
76,https://hdl.handle.net/20.500.11840/pi41997
4,https://hdl.handle.net/20.500.11840/pi4200
3,https://hdl.handle.net/20.500.11840/pi42044
1,https://hdl.handle.net/20.500.11840/pi42050
18,https://hdl.handle.net/20.500.11840/pi4206
1,https://hdl.handle.net/20.500.11840/pi4208
1,https://hdl.handle.net/20.500.11840/pi42088
2,https://hdl.handle.net/20.500.11840/pi42115
340,https://hdl.handle.net/20.500.11840/pi42132
2,https://hdl.handle.net/20.500.11840/pi4215
8,https://hdl.handle.net/20.500.11840/pi42184
1,https://hdl.handle.net/20.500.11840/pi42202
14,https://hdl.handle.net/20.500.11840/pi42223
153,https://hdl.handle.net/20.500.11840/pi42249
7,https://hdl.handle.net/20.500.11840/pi42258
1,https://hdl.handle.net/20.500.11840/pi42270
2,https://hdl.handle.net/20.500.11840/pi4228
88,https://hdl.handle.net/20.500.11840/pi42299
63,https://hdl.handle.net/20.500.11840/pi42326
6,https://hdl.handle.net/20.500.11840/pi4233
3,https://hdl.handle.net/20.500.11840/pi42385
10,https://hdl.handle.net/20.500.11840/pi42398
1,https://hdl.handle.net/20.500.11840/pi42433
2,https://hdl.handle.net/20.500.11840/pi42434
153,https://hdl.handle.net/20.500.11840/pi42497
2,https://hdl.handle.net/20.500.11840/pi426
103,https://hdl.handle.net/20.500.11840/pi42624
40,https://hdl.handle.net/20.500.11840/pi42667
30,https://hdl.handle.net/20.500.11840/pi42800
28,https://hdl.handle.net/20.500.11840/pi42821
4,https://hdl.handle.net/20.500.11840/pi42828
1,https://hdl.handle.net/20.500.11840/pi4284
3,https://hdl.handle.net/20.500.11840/pi42858
2,https://hdl.handle.net/20.500.11840/pi42871
12,https://hdl.handle.net/20.500.11840/pi42874
37,https://hdl.handle.net/20.500.11840/pi42878
322,https://hdl.handle.net/20.500.11840/pi42898
5,https://hdl.handle.net/20.500.11840/pi4291
12,https://hdl.handle.net/20.500.11840/pi42914
1,https://hdl.handle.net/20.500.11840/pi42919
4,https://hdl.handle.net/20.500.11840/pi4298
16,https://hdl.handle.net/20.500.11840/pi43004
352,https://hdl.handle.net/20.500.11840/pi43016
1,https://hdl.handle.net/20.500.11840/pi4303
162,https://hdl.handle.net/20.500.11840/pi43032
256,https://hdl.handle.net/20.500.11840/pi43036
4,https://hdl.handle.net/20.500.11840/pi43076
20,https://hdl.handle.net/20.500.11840/pi43194
88,https://hdl.handle.net/20.500.11840/pi43222
69,https://hdl.handle.net/20.500.11840/pi43229
4,https://hdl.handle.net/20.500.11840/pi4326
23,https://hdl.handle.net/20.500.11840/pi43318
44,https://hdl.handle.net/20.500.11840/pi43319
130,https://hdl.handle.net/20.500.11840/pi4332
2,https://hdl.handle.net/20.500.11840/pi4334
9,https://hdl.handle.net/20.500.11840/pi43342
110,https://hdl.handle.net/20.500.11840/pi43399
20,https://hdl.handle.net/20.500.11840/pi43424
1,https://hdl.handle.net/20.500.11840/pi4346
1,https://hdl.handle.net/20.500.11840/pi43487
19,https://hdl.handle.net/20.500.11840/pi43512
95,https://hdl.handle.net/20.500.11840/pi43513
923,https://hdl.handle.net/20.500.11840/pi43517
1,https://hdl.handle.net/20.500.11840/pi43532
8,https://hdl.handle.net/20.500.11840/pi43534
1,https://hdl.handle.net/20.500.11840/pi43539
5,https://hdl.handle.net/20.500.11840/pi43546
2,https://hdl.handle.net/20.500.11840/pi43562
1,https://hdl.handle.net/20.500.11840/pi43573
1,https://hdl.handle.net/20.500.11840/pi43574
2,https://hdl.handle.net/20.500.11840/pi43579
2,https://hdl.handle.net/20.500.11840/pi43582
1,https://hdl.handle.net/20.500.11840/pi43593
1,https://hdl.handle.net/20.500.11840/pi43594
13,https://hdl.handle.net/20.500.11840/pi4360
1,https://hdl.handle.net/20.500.11840/pi43650
8,https://hdl.handle.net/20.500.11840/pi43669
1,https://hdl.handle.net/20.500.11840/pi43722
1,https://hdl.handle.net/20.500.11840/pi43746
3,https://hdl.handle.net/20.500.11840/pi4376
1,https://hdl.handle.net/20.500.11840/pi43779
1,https://hdl.handle.net/20.500.11840/pi43782
1,https://hdl.handle.net/20.500.11840/pi43784
12,https://hdl.handle.net/20.500.11840/pi43788
1,https://hdl.handle.net/20.500.11840/pi43793
1,https://hdl.handle.net/20.500.11840/pi43798
1,https://hdl.handle.net/20.500.11840/pi43813
1,https://hdl.handle.net/20.500.11840/pi43904
7,https://hdl.handle.net/20.500.11840/pi43907
1,https://hdl.handle.net/20.500.11840/pi43923
1,https://hdl.handle.net/20.500.11840/pi4400
2,https://hdl.handle.net/20.500.11840/pi4406
21,https://hdl.handle.net/20.500.11840/pi44095
5,https://hdl.handle.net/20.500.11840/pi44097
1,https://hdl.handle.net/20.500.11840/pi4410
1,https://hdl.handle.net/20.500.11840/pi4411
1,https://hdl.handle.net/20.500.11840/pi4412
4,https://hdl.handle.net/20.500.11840/pi4416
2,https://hdl.handle.net/20.500.11840/pi44175
2,https://hdl.handle.net/20.500.11840/pi44176
1,https://hdl.handle.net/20.500.11840/pi44195
1,https://hdl.handle.net/20.500.11840/pi44196
2,https://hdl.handle.net/20.500.11840/pi44334
1,https://hdl.handle.net/20.500.11840/pi44364
2,https://hdl.handle.net/20.500.11840/pi44385
17,https://hdl.handle.net/20.500.11840/pi4439
2,https://hdl.handle.net/20.500.11840/pi44393
10,https://hdl.handle.net/20.500.11840/pi44481
2,https://hdl.handle.net/20.500.11840/pi44496
5,https://hdl.handle.net/20.500.11840/pi4451
1,https://hdl.handle.net/20.500.11840/pi4455
3,https://hdl.handle.net/20.500.11840/pi44560
1,https://hdl.handle.net/20.500.11840/pi4466
2,https://hdl.handle.net/20.500.11840/pi4467
5,https://hdl.handle.net/20.500.11840/pi44692
1,https://hdl.handle.net/20.500.11840/pi447
2,https://hdl.handle.net/20.500.11840/pi4476
2,https://hdl.handle.net/20.500.11840/pi44784
1,https://hdl.handle.net/20.500.11840/pi44788
1,https://hdl.handle.net/20.500.11840/pi4482
2,https://hdl.handle.net/20.500.11840/pi4488
4,https://hdl.handle.net/20.500.11840/pi4493
2,https://hdl.handle.net/20.500.11840/pi44982
1,https://hdl.handle.net/20.500.11840/pi44991
97,https://hdl.handle.net/20.500.11840/pi44992
1,https://hdl.handle.net/20.500.11840/pi45032
4,https://hdl.handle.net/20.500.11840/pi4504
11,https://hdl.handle.net/20.500.11840/pi45080
1,https://hdl.handle.net/20.500.11840/pi4511
1,https://hdl.handle.net/20.500.11840/pi4513
1,https://hdl.handle.net/20.500.11840/pi45133
3,https://hdl.handle.net/20.500.11840/pi4516
1,https://hdl.handle.net/20.500.11840/pi4519
2,https://hdl.handle.net/20.500.11840/pi4522
36,https://hdl.handle.net/20.500.11840/pi45220
5,https://hdl.handle.net/20.500.11840/pi45221
43,https://hdl.handle.net/20.500.11840/pi4524
2,https://hdl.handle.net/20.500.11840/pi45260
6,https://hdl.handle.net/20.500.11840/pi45264
2,https://hdl.handle.net/20.500.11840/pi45293
2,https://hdl.handle.net/20.500.11840/pi45294
1,https://hdl.handle.net/20.500.11840/pi45299
1,https://hdl.handle.net/20.500.11840/pi45366
6,https://hdl.handle.net/20.500.11840/pi45393
5,https://hdl.handle.net/20.500.11840/pi45394
1,https://hdl.handle.net/20.500.11840/pi454
1,https://hdl.handle.net/20.500.11840/pi4542
1,https://hdl.handle.net/20.500.11840/pi45454
1,https://hdl.handle.net/20.500.11840/pi45496
3,https://hdl.handle.net/20.500.11840/pi455
3,https://hdl.handle.net/20.500.11840/pi4550
3,https://hdl.handle.net/20.500.11840/pi45516
14,https://hdl.handle.net/20.500.11840/pi45517
1,https://hdl.handle.net/20.500.11840/pi45550
3,https://hdl.handle.net/20.500.11840/pi45554
13,https://hdl.handle.net/20.500.11840/pi45567
39,https://hdl.handle.net/20.500.11840/pi45578
1,https://hdl.handle.net/20.500.11840/pi4558
1,https://hdl.handle.net/20.500.11840/pi45582
1,https://hdl.handle.net/20.500.11840/pi45583
1,https://hdl.handle.net/20.500.11840/pi45585
3,https://hdl.handle.net/20.500.11840/pi45586
3,https://hdl.handle.net/20.500.11840/pi45587
3,https://hdl.handle.net/20.500.11840/pi45590
2,https://hdl.handle.net/20.500.11840/pi45593
1,https://hdl.handle.net/20.500.11840/pi45594
1,https://hdl.handle.net/20.500.11840/pi45596
5,https://hdl.handle.net/20.500.11840/pi45597
1,https://hdl.handle.net/20.500.11840/pi45598
1,https://hdl.handle.net/20.500.11840/pi45601
1,https://hdl.handle.net/20.500.11840/pi45618
1,https://hdl.handle.net/20.500.11840/pi45619
1,https://hdl.handle.net/20.500.11840/pi45635
3,https://hdl.handle.net/20.500.11840/pi45642
1,https://hdl.handle.net/20.500.11840/pi45666
1,https://hdl.handle.net/20.500.11840/pi45671
1,https://hdl.handle.net/20.500.11840/pi45672
1,https://hdl.handle.net/20.500.11840/pi45684
9,https://hdl.handle.net/20.500.11840/pi45686
2,https://hdl.handle.net/20.500.11840/pi45694
1,https://hdl.handle.net/20.500.11840/pi45697
12,https://hdl.handle.net/20.500.11840/pi45703
8,https://hdl.handle.net/20.500.11840/pi45718
2,https://hdl.handle.net/20.500.11840/pi45736
1,https://hdl.handle.net/20.500.11840/pi45764
1,https://hdl.handle.net/20.500.11840/pi45765
1,https://hdl.handle.net/20.500.11840/pi45789
27,https://hdl.handle.net/20.500.11840/pi458
8,https://hdl.handle.net/20.500.11840/pi45820
1,https://hdl.handle.net/20.500.11840/pi4585
4,https://hdl.handle.net/20.500.11840/pi45861
1,https://hdl.handle.net/20.500.11840/pi45862
23,https://hdl.handle.net/20.500.11840/pi45864
112,https://hdl.handle.net/20.500.11840/pi45865
3,https://hdl.handle.net/20.500.11840/pi45877
1,https://hdl.handle.net/20.500.11840/pi45902
3,https://hdl.handle.net/20.500.11840/pi45912
7,https://hdl.handle.net/20.500.11840/pi45915
3,https://hdl.handle.net/20.500.11840/pi45925
16,https://hdl.handle.net/20.500.11840/pi4593
5,https://hdl.handle.net/20.500.11840/pi45944
1,https://hdl.handle.net/20.500.11840/pi45958
1,https://hdl.handle.net/20.500.11840/pi45967
1,https://hdl.handle.net/20.500.11840/pi45968
17,https://hdl.handle.net/20.500.11840/pi4599
1,https://hdl.handle.net/20.500.11840/pi460
1,https://hdl.handle.net/20.500.11840/pi46013
5,https://hdl.handle.net/20.500.11840/pi46014
5,https://hdl.handle.net/20.500.11840/pi46015
1,https://hdl.handle.net/20.500.11840/pi46038
2,https://hdl.handle.net/20.500.11840/pi4608
5,https://hdl.handle.net/20.500.11840/pi4609
1,https://hdl.handle.net/20.500.11840/pi46092
5,https://hdl.handle.net/20.500.11840/pi46148
1,https://hdl.handle.net/20.500.11840/pi46192
5,https://hdl.handle.net/20.500.11840/pi4623
28,https://hdl.handle.net/20.500.11840/pi46235
1,https://hdl.handle.net/20.500.11840/pi4624
12,https://hdl.handle.net/20.500.11840/pi46242
1,https://hdl.handle.net/20.500.11840/pi46244
28,https://hdl.handle.net/20.500.11840/pi46249
2,https://hdl.handle.net/20.500.11840/pi4628
1,https://hdl.handle.net/20.500.11840/pi46282
1,https://hdl.handle.net/20.500.11840/pi46283
8,https://hdl.handle.net/20.500.11840/pi4631
1,https://hdl.handle.net/20.500.11840/pi46317
1,https://hdl.handle.net/20.500.11840/pi46352
7,https://hdl.handle.net/20.500.11840/pi46354
6,https://hdl.handle.net/20.500.11840/pi4643
1,https://hdl.handle.net/20.500.11840/pi46432
1,https://hdl.handle.net/20.500.11840/pi46476
6,https://hdl.handle.net/20.500.11840/pi46480
6,https://hdl.handle.net/20.500.11840/pi46481
2,https://hdl.handle.net/20.500.11840/pi46519
1,https://hdl.handle.net/20.500.11840/pi46537
2,https://hdl.handle.net/20.500.11840/pi46570
1,https://hdl.handle.net/20.500.11840/pi466
5,https://hdl.handle.net/20.500.11840/pi46605
3,https://hdl.handle.net/20.500.11840/pi46612
1,https://hdl.handle.net/20.500.11840/pi4667
1,https://hdl.handle.net/20.500.11840/pi46681
1,https://hdl.handle.net/20.500.11840/pi467
1,https://hdl.handle.net/20.500.11840/pi4670
33,https://hdl.handle.net/20.500.11840/pi4680
27,https://hdl.handle.net/20.500.11840/pi4683
1,https://hdl.handle.net/20.500.11840/pi46832
2,https://hdl.handle.net/20.500.11840/pi4685
1,https://hdl.handle.net/20.500.11840/pi47
10,https://hdl.handle.net/20.500.11840/pi4700
1,https://hdl.handle.net/20.500.11840/pi4703
7,https://hdl.handle.net/20.500.11840/pi4705
1,https://hdl.handle.net/20.500.11840/pi471
4,https://hdl.handle.net/20.500.11840/pi4710
13,https://hdl.handle.net/20.500.11840/pi4714
14,https://hdl.handle.net/20.500.11840/pi47174
8,https://hdl.handle.net/20.500.11840/pi47332
3,https://hdl.handle.net/20.500.11840/pi4735
8,https://hdl.handle.net/20.500.11840/pi4739
1,https://hdl.handle.net/20.500.11840/pi474
4,https://hdl.handle.net/20.500.11840/pi4744
10,https://hdl.handle.net/20.500.11840/pi4753
1,https://hdl.handle.net/20.500.11840/pi4754
3,https://hdl.handle.net/20.500.11840/pi4758
10,https://hdl.handle.net/20.500.11840/pi4759
3,https://hdl.handle.net/20.500.11840/pi4760
1,https://hdl.handle.net/20.500.11840/pi4767
1,https://hdl.handle.net/20.500.11840/pi4772
16,https://hdl.handle.net/20.500.11840/pi4794
8,https://hdl.handle.net/20.500.11840/pi4799
2,https://hdl.handle.net/20.500.11840/pi4800
7,https://hdl.handle.net/20.500.11840/pi48066
4,https://hdl.handle.net/20.500.11840/pi4819
1,https://hdl.handle.net/20.500.11840/pi4820
13,https://hdl.handle.net/20.500.11840/pi4822
1,https://hdl.handle.net/20.500.11840/pi4823
2,https://hdl.handle.net/20.500.11840/pi4825
1,https://hdl.handle.net/20.500.11840/pi4829
13,https://hdl.handle.net/20.500.11840/pi4830
10,https://hdl.handle.net/20.500.11840/pi4831
1,https://hdl.handle.net/20.500.11840/pi4838
4,https://hdl.handle.net/20.500.11840/pi4839
21,https://hdl.handle.net/20.500.11840/pi484
14,https://hdl.handle.net/20.500.11840/pi4844
1,https://hdl.handle.net/20.500.11840/pi4847
2,https://hdl.handle.net/20.500.11840/pi4849
5,https://hdl.handle.net/20.500.11840/pi4850
1,https://hdl.handle.net/20.500.11840/pi4852
9,https://hdl.handle.net/20.500.11840/pi4859
1,https://hdl.handle.net/20.500.11840/pi486
13,https://hdl.handle.net/20.500.11840/pi4862
1,https://hdl.handle.net/20.500.11840/pi4872
1,https://hdl.handle.net/20.500.11840/pi4875
3,https://hdl.handle.net/20.500.11840/pi4879
1,https://hdl.handle.net/20.500.11840/pi4887
2,https://hdl.handle.net/20.500.11840/pi4891
1,https://hdl.handle.net/20.500.11840/pi4896
2,https://hdl.handle.net/20.500.11840/pi4900
1,https://hdl.handle.net/20.500.11840/pi4902
1,https://hdl.handle.net/20.500.11840/pi4920
1,https://hdl.handle.net/20.500.11840/pi493
6,https://hdl.handle.net/20.500.11840/pi4933
2,https://hdl.handle.net/20.500.11840/pi4938
1,https://hdl.handle.net/20.500.11840/pi4943
3,https://hdl.handle.net/20.500.11840/pi4970
2,https://hdl.handle.net/20.500.11840/pi4971
1,https://hdl.handle.net/20.500.11840/pi4980
1,https://hdl.handle.net/20.500.11840/pi4981
2,https://hdl.handle.net/20.500.11840/pi4984
3,https://hdl.handle.net/20.500.11840/pi4985
9,https://hdl.handle.net/20.500.11840/pi4998
1,https://hdl.handle.net/20.500.11840/pi5012
1,https://hdl.handle.net/20.500.11840/pi5027
1,https://hdl.handle.net/20.500.11840/pi503
1,https://hdl.handle.net/20.500.11840/pi5039
21,https://hdl.handle.net/20.500.11840/pi5040
1,https://hdl.handle.net/20.500.11840/pi5045
15,https://hdl.handle.net/20.500.11840/pi5046
5,https://hdl.handle.net/20.500.11840/pi5055
1,https://hdl.handle.net/20.500.11840/pi5057
4,https://hdl.handle.net/20.500.11840/pi506
1,https://hdl.handle.net/20.500.11840/pi5072
2,https://hdl.handle.net/20.500.11840/pi5075
4,https://hdl.handle.net/20.500.11840/pi5085
4,https://hdl.handle.net/20.500.11840/pi5089
6,https://hdl.handle.net/20.500.11840/pi5098
5,https://hdl.handle.net/20.500.11840/pi5100
1,https://hdl.handle.net/20.500.11840/pi5105
2,https://hdl.handle.net/20.500.11840/pi5109
5,https://hdl.handle.net/20.500.11840/pi5110
10,https://hdl.handle.net/20.500.11840/pi5116
1,https://hdl.handle.net/20.500.11840/pi5118
42,https://hdl.handle.net/20.500.11840/pi512
4,https://hdl.handle.net/20.500.11840/pi5123
2,https://hdl.handle.net/20.500.11840/pi5124
3,https://hdl.handle.net/20.500.11840/pi5127
1,https://hdl.handle.net/20.500.11840/pi5135
1,https://hdl.handle.net/20.500.11840/pi5137
1,https://hdl.handle.net/20.500.11840/pi5158
1,https://hdl.handle.net/20.500.11840/pi5160
11,https://hdl.handle.net/20.500.11840/pi5166
126,https://hdl.handle.net/20.500.11840/pi5167
1,https://hdl.handle.net/20.500.11840/pi5168
19,https://hdl.handle.net/20.500.11840/pi517
1,https://hdl.handle.net/20.500.11840/pi5177
2,https://hdl.handle.net/20.500.11840/pi5178
9,https://hdl.handle.net/20.500.11840/pi5182
1,https://hdl.handle.net/20.500.11840/pi5189
4,https://hdl.handle.net/20.500.11840/pi5206
11,https://hdl.handle.net/20.500.11840/pi5219
1,https://hdl.handle.net/20.500.11840/pi5250
3,https://hdl.handle.net/20.500.11840/pi5252
3,https://hdl.handle.net/20.500.11840/pi526
2,https://hdl.handle.net/20.500.11840/pi5266
1,https://hdl.handle.net/20.500.11840/pi5269
1,https://hdl.handle.net/20.500.11840/pi527
12,https://hdl.handle.net/20.500.11840/pi5274
2,https://hdl.handle.net/20.500.11840/pi5276
2,https://hdl.handle.net/20.500.11840/pi5278
6,https://hdl.handle.net/20.500.11840/pi5281
1,https://hdl.handle.net/20.500.11840/pi5282
13,https://hdl.handle.net/20.500.11840/pi5283
3,https://hdl.handle.net/20.500.11840/pi5295
1,https://hdl.handle.net/20.500.11840/pi5296
2,https://hdl.handle.net/20.500.11840/pi5304
1,https://hdl.handle.net/20.500.11840/pi5328
8,https://hdl.handle.net/20.500.11840/pi5331
1,https://hdl.handle.net/20.500.11840/pi5332
1,https://hdl.handle.net/20.500.11840/pi5333
1,https://hdl.handle.net/20.500.11840/pi5336
1,https://hdl.handle.net/20.500.11840/pi5338
1,https://hdl.handle.net/20.500.11840/pi5349
2,https://hdl.handle.net/20.500.11840/pi5351
1,https://hdl.handle.net/20.500.11840/pi5375
1,https://hdl.handle.net/20.500.11840/pi5385
5,https://hdl.handle.net/20.500.11840/pi539
1,https://hdl.handle.net/20.500.11840/pi5390
1,https://hdl.handle.net/20.500.11840/pi540
6,https://hdl.handle.net/20.500.11840/pi5400
1,https://hdl.handle.net/20.500.11840/pi5406
1,https://hdl.handle.net/20.500.11840/pi5411
3,https://hdl.handle.net/20.500.11840/pi5423
7,https://hdl.handle.net/20.500.11840/pi5425
5,https://hdl.handle.net/20.500.11840/pi5439
11,https://hdl.handle.net/20.500.11840/pi5460
1,https://hdl.handle.net/20.500.11840/pi5468
2,https://hdl.handle.net/20.500.11840/pi5472
4,https://hdl.handle.net/20.500.11840/pi5474
1,https://hdl.handle.net/20.500.11840/pi5476
68,https://hdl.handle.net/20.500.11840/pi5483
1,https://hdl.handle.net/20.500.11840/pi5493
2,https://hdl.handle.net/20.500.11840/pi5495
2,https://hdl.handle.net/20.500.11840/pi5523
5,https://hdl.handle.net/20.500.11840/pi5533
2,https://hdl.handle.net/20.500.11840/pi5537
1,https://hdl.handle.net/20.500.11840/pi5539
1,https://hdl.handle.net/20.500.11840/pi5542
1,https://hdl.handle.net/20.500.11840/pi5543
7,https://hdl.handle.net/20.500.11840/pi5546
3,https://hdl.handle.net/20.500.11840/pi5549
1,https://hdl.handle.net/20.500.11840/pi5551
1,https://hdl.handle.net/20.500.11840/pi5558
1,https://hdl.handle.net/20.500.11840/pi5559
1,https://hdl.handle.net/20.500.11840/pi5576
2,https://hdl.handle.net/20.500.11840/pi5577
1,https://hdl.handle.net/20.500.11840/pi5578
1,https://hdl.handle.net/20.500.11840/pi5580
1,https://hdl.handle.net/20.500.11840/pi5583
2,https://hdl.handle.net/20.500.11840/pi5588
6,https://hdl.handle.net/20.500.11840/pi56066
19,https://hdl.handle.net/20.500.11840/pi56075
1,https://hdl.handle.net/20.500.11840/pi561
3,https://hdl.handle.net/20.500.11840/pi5610
1,https://hdl.handle.net/20.500.11840/pi56120
7,https://hdl.handle.net/20.500.11840/pi56133
2,https://hdl.handle.net/20.500.11840/pi56185
2,https://hdl.handle.net/20.500.11840/pi5619
4,https://hdl.handle.net/20.500.11840/pi56221
1,https://hdl.handle.net/20.500.11840/pi56227
1,https://hdl.handle.net/20.500.11840/pi56234
2,https://hdl.handle.net/20.500.11840/pi56237
2,https://hdl.handle.net/20.500.11840/pi56257
4,https://hdl.handle.net/20.500.11840/pi563
1,https://hdl.handle.net/20.500.11840/pi5636
2,https://hdl.handle.net/20.500.11840/pi5639
2,https://hdl.handle.net/20.500.11840/pi56396
13,https://hdl.handle.net/20.500.11840/pi5640
2,https://hdl.handle.net/20.500.11840/pi56414
1,https://hdl.handle.net/20.500.11840/pi56425
2,https://hdl.handle.net/20.500.11840/pi56449
1,https://hdl.handle.net/20.500.11840/pi56456
1,https://hdl.handle.net/20.500.11840/pi5647
1,https://hdl.handle.net/20.500.11840/pi56482
2,https://hdl.handle.net/20.500.11840/pi5649
6,https://hdl.handle.net/20.500.11840/pi56495
1,https://hdl.handle.net/20.500.11840/pi5652
6,https://hdl.handle.net/20.500.11840/pi56533
1,https://hdl.handle.net/20.500.11840/pi56535
1,https://hdl.handle.net/20.500.11840/pi5654
3,https://hdl.handle.net/20.500.11840/pi56560
2,https://hdl.handle.net/20.500.11840/pi5658
2,https://hdl.handle.net/20.500.11840/pi566
5,https://hdl.handle.net/20.500.11840/pi5660
1,https://hdl.handle.net/20.500.11840/pi56613
9,https://hdl.handle.net/20.500.11840/pi56614
5,https://hdl.handle.net/20.500.11840/pi56620
1,https://hdl.handle.net/20.500.11840/pi56623
2,https://hdl.handle.net/20.500.11840/pi56627
5,https://hdl.handle.net/20.500.11840/pi5663
1,https://hdl.handle.net/20.500.11840/pi56630
1,https://hdl.handle.net/20.500.11840/pi56633
1,https://hdl.handle.net/20.500.11840/pi56658
2,https://hdl.handle.net/20.500.11840/pi56660
1,https://hdl.handle.net/20.500.11840/pi56667
1,https://hdl.handle.net/20.500.11840/pi56690
6,https://hdl.handle.net/20.500.11840/pi56696
5,https://hdl.handle.net/20.500.11840/pi56699
1,https://hdl.handle.net/20.500.11840/pi56739
41,https://hdl.handle.net/20.500.11840/pi56750
3,https://hdl.handle.net/20.500.11840/pi56751
1,https://hdl.handle.net/20.500.11840/pi56792
1,https://hdl.handle.net/20.500.11840/pi56819
29,https://hdl.handle.net/20.500.11840/pi56827
21,https://hdl.handle.net/20.500.11840/pi5683
3,https://hdl.handle.net/20.500.11840/pi56842
8,https://hdl.handle.net/20.500.11840/pi56847
8,https://hdl.handle.net/20.500.11840/pi5686
3,https://hdl.handle.net/20.500.11840/pi56880
3,https://hdl.handle.net/20.500.11840/pi56889
1,https://hdl.handle.net/20.500.11840/pi56960
1,https://hdl.handle.net/20.500.11840/pi56961
1,https://hdl.handle.net/20.500.11840/pi56963
1,https://hdl.handle.net/20.500.11840/pi56969
42,https://hdl.handle.net/20.500.11840/pi5697
2,https://hdl.handle.net/20.500.11840/pi56970
7,https://hdl.handle.net/20.500.11840/pi57002
12,https://hdl.handle.net/20.500.11840/pi5702
1,https://hdl.handle.net/20.500.11840/pi57026
206,https://hdl.handle.net/20.500.11840/pi57038
1,https://hdl.handle.net/20.500.11840/pi57055
1,https://hdl.handle.net/20.500.11840/pi57056
1,https://hdl.handle.net/20.500.11840/pi5707
2,https://hdl.handle.net/20.500.11840/pi57071
1,https://hdl.handle.net/20.500.11840/pi57119
1,https://hdl.handle.net/20.500.11840/pi57127
1,https://hdl.handle.net/20.500.11840/pi57129
2,https://hdl.handle.net/20.500.11840/pi57148
1,https://hdl.handle.net/20.500.11840/pi5717
4,https://hdl.handle.net/20.500.11840/pi572
1,https://hdl.handle.net/20.500.11840/pi57201
40,https://hdl.handle.net/20.500.11840/pi5721
4,https://hdl.handle.net/20.500.11840/pi57235
1,https://hdl.handle.net/20.500.11840/pi57265
2,https://hdl.handle.net/20.500.11840/pi57267
3,https://hdl.handle.net/20.500.11840/pi5730
2,https://hdl.handle.net/20.500.11840/pi57302
1,https://hdl.handle.net/20.500.11840/pi5733
1,https://hdl.handle.net/20.500.11840/pi5734
18,https://hdl.handle.net/20.500.11840/pi57365
13,https://hdl.handle.net/20.500.11840/pi574
1,https://hdl.handle.net/20.500.11840/pi57400
1,https://hdl.handle.net/20.500.11840/pi57432
3,https://hdl.handle.net/20.500.11840/pi57440
16,https://hdl.handle.net/20.500.11840/pi57470
3,https://hdl.handle.net/20.500.11840/pi57558
1,https://hdl.handle.net/20.500.11840/pi57559
5,https://hdl.handle.net/20.500.11840/pi5757
198,https://hdl.handle.net/20.500.11840/pi57572
1,https://hdl.handle.net/20.500.11840/pi57573
2,https://hdl.handle.net/20.500.11840/pi5758
3,https://hdl.handle.net/20.500.11840/pi57616
1,https://hdl.handle.net/20.500.11840/pi57685
2,https://hdl.handle.net/20.500.11840/pi5769
4,https://hdl.handle.net/20.500.11840/pi5772
13,https://hdl.handle.net/20.500.11840/pi57732
1,https://hdl.handle.net/20.500.11840/pi57733
2,https://hdl.handle.net/20.500.11840/pi57736
127,https://hdl.handle.net/20.500.11840/pi57742
2,https://hdl.handle.net/20.500.11840/pi57751
2,https://hdl.handle.net/20.500.11840/pi57786
6,https://hdl.handle.net/20.500.11840/pi57829
4,https://hdl.handle.net/20.500.11840/pi57846
2,https://hdl.handle.net/20.500.11840/pi57860
6,https://hdl.handle.net/20.500.11840/pi5787
19,https://hdl.handle.net/20.500.11840/pi57875
1,https://hdl.handle.net/20.500.11840/pi579
1,https://hdl.handle.net/20.500.11840/pi57917
1,https://hdl.handle.net/20.500.11840/pi57937
79,https://hdl.handle.net/20.500.11840/pi57959
3,https://hdl.handle.net/20.500.11840/pi57969
5,https://hdl.handle.net/20.500.11840/pi57984
1,https://hdl.handle.net/20.500.11840/pi58
2,https://hdl.handle.net/20.500.11840/pi58016
4,https://hdl.handle.net/20.500.11840/pi5802
25,https://hdl.handle.net/20.500.11840/pi58024
1,https://hdl.handle.net/20.500.11840/pi58078
1,https://hdl.handle.net/20.500.11840/pi58088
28,https://hdl.handle.net/20.500.11840/pi58158
55,https://hdl.handle.net/20.500.11840/pi58173
1,https://hdl.handle.net/20.500.11840/pi5824
2,https://hdl.handle.net/20.500.11840/pi58242
5,https://hdl.handle.net/20.500.11840/pi58258
7,https://hdl.handle.net/20.500.11840/pi58266
4,https://hdl.handle.net/20.500.11840/pi583
1,https://hdl.handle.net/20.500.11840/pi58313
1,https://hdl.handle.net/20.500.11840/pi58325
13,https://hdl.handle.net/20.500.11840/pi58361
1,https://hdl.handle.net/20.500.11840/pi58364
1,https://hdl.handle.net/20.500.11840/pi58415
2,https://hdl.handle.net/20.500.11840/pi58419
4,https://hdl.handle.net/20.500.11840/pi58420
320,https://hdl.handle.net/20.500.11840/pi58423
1,https://hdl.handle.net/20.500.11840/pi58440
2,https://hdl.handle.net/20.500.11840/pi58453
9,https://hdl.handle.net/20.500.11840/pi58472
20,https://hdl.handle.net/20.500.11840/pi58480
2,https://hdl.handle.net/20.500.11840/pi58491
1,https://hdl.handle.net/20.500.11840/pi58528
1,https://hdl.handle.net/20.500.11840/pi58583
1,https://hdl.handle.net/20.500.11840/pi58599
33,https://hdl.handle.net/20.500.11840/pi58607
1,https://hdl.handle.net/20.500.11840/pi58630
3,https://hdl.handle.net/20.500.11840/pi58634
1,https://hdl.handle.net/20.500.11840/pi58639
3,https://hdl.handle.net/20.500.11840/pi58658
5,https://hdl.handle.net/20.500.11840/pi58661
1,https://hdl.handle.net/20.500.11840/pi58671
1,https://hdl.handle.net/20.500.11840/pi58701
3,https://hdl.handle.net/20.500.11840/pi58711
1,https://hdl.handle.net/20.500.11840/pi58712
22,https://hdl.handle.net/20.500.11840/pi58732
7,https://hdl.handle.net/20.500.11840/pi58768
9,https://hdl.handle.net/20.500.11840/pi58787
2,https://hdl.handle.net/20.500.11840/pi58818
1,https://hdl.handle.net/20.500.11840/pi5883
2,https://hdl.handle.net/20.500.11840/pi58855
1,https://hdl.handle.net/20.500.11840/pi58856
1,https://hdl.handle.net/20.500.11840/pi58860
12,https://hdl.handle.net/20.500.11840/pi5888
1,https://hdl.handle.net/20.500.11840/pi58888
1,https://hdl.handle.net/20.500.11840/pi58946
1,https://hdl.handle.net/20.500.11840/pi58948
4,https://hdl.handle.net/20.500.11840/pi5896
2,https://hdl.handle.net/20.500.11840/pi58962
1,https://hdl.handle.net/20.500.11840/pi58970
1,https://hdl.handle.net/20.500.11840/pi58974
1,https://hdl.handle.net/20.500.11840/pi58984
4,https://hdl.handle.net/20.500.11840/pi59001
7,https://hdl.handle.net/20.500.11840/pi59047
1,https://hdl.handle.net/20.500.11840/pi59067
1,https://hdl.handle.net/20.500.11840/pi5910
2,https://hdl.handle.net/20.500.11840/pi59104
29,https://hdl.handle.net/20.500.11840/pi59111
1,https://hdl.handle.net/20.500.11840/pi59127
5,https://hdl.handle.net/20.500.11840/pi59190
2,https://hdl.handle.net/20.500.11840/pi59193
2,https://hdl.handle.net/20.500.11840/pi59196
1,https://hdl.handle.net/20.500.11840/pi59204
11,https://hdl.handle.net/20.500.11840/pi59206
3,https://hdl.handle.net/20.500.11840/pi59262
2,https://hdl.handle.net/20.500.11840/pi59276
3,https://hdl.handle.net/20.500.11840/pi5928
5,https://hdl.handle.net/20.500.11840/pi59296
16,https://hdl.handle.net/20.500.11840/pi593
1,https://hdl.handle.net/20.500.11840/pi59329
5,https://hdl.handle.net/20.500.11840/pi5934
1,https://hdl.handle.net/20.500.11840/pi59343
1,https://hdl.handle.net/20.500.11840/pi5935
2,https://hdl.handle.net/20.500.11840/pi59353
1,https://hdl.handle.net/20.500.11840/pi59355
14,https://hdl.handle.net/20.500.11840/pi59357
2,https://hdl.handle.net/20.500.11840/pi59372
7,https://hdl.handle.net/20.500.11840/pi5943
1,https://hdl.handle.net/20.500.11840/pi59431
1,https://hdl.handle.net/20.500.11840/pi59446
7,https://hdl.handle.net/20.500.11840/pi5948
4,https://hdl.handle.net/20.500.11840/pi59484
2,https://hdl.handle.net/20.500.11840/pi59508
4,https://hdl.handle.net/20.500.11840/pi59509
1,https://hdl.handle.net/20.500.11840/pi59531
9,https://hdl.handle.net/20.500.11840/pi59551
1,https://hdl.handle.net/20.500.11840/pi5957
1,https://hdl.handle.net/20.500.11840/pi59592
7,https://hdl.handle.net/20.500.11840/pi59633
3,https://hdl.handle.net/20.500.11840/pi5964
11,https://hdl.handle.net/20.500.11840/pi5965
1,https://hdl.handle.net/20.500.11840/pi5967
3,https://hdl.handle.net/20.500.11840/pi59672
1,https://hdl.handle.net/20.500.11840/pi5989
1,https://hdl.handle.net/20.500.11840/pi6011
2,https://hdl.handle.net/20.500.11840/pi604
16,https://hdl.handle.net/20.500.11840/pi60463
3,https://hdl.handle.net/20.500.11840/pi6047
4,https://hdl.handle.net/20.500.11840/pi60478
8,https://hdl.handle.net/20.500.11840/pi60482
35,https://hdl.handle.net/20.500.11840/pi60491
1,https://hdl.handle.net/20.500.11840/pi60499
7,https://hdl.handle.net/20.500.11840/pi60513
3,https://hdl.handle.net/20.500.11840/pi60548
5,https://hdl.handle.net/20.500.11840/pi60555
1,https://hdl.handle.net/20.500.11840/pi60557
1,https://hdl.handle.net/20.500.11840/pi6058
1,https://hdl.handle.net/20.500.11840/pi60632
1,https://hdl.handle.net/20.500.11840/pi60643
62,https://hdl.handle.net/20.500.11840/pi60736
1,https://hdl.handle.net/20.500.11840/pi60868
2,https://hdl.handle.net/20.500.11840/pi610
1,https://hdl.handle.net/20.500.11840/pi61004
22,https://hdl.handle.net/20.500.11840/pi61097
4,https://hdl.handle.net/20.500.11840/pi611
20,https://hdl.handle.net/20.500.11840/pi6115
1,https://hdl.handle.net/20.500.11840/pi6119
5,https://hdl.handle.net/20.500.11840/pi61194
1,https://hdl.handle.net/20.500.11840/pi61298
1,https://hdl.handle.net/20.500.11840/pi61306
3,https://hdl.handle.net/20.500.11840/pi61320
3,https://hdl.handle.net/20.500.11840/pi61370
2,https://hdl.handle.net/20.500.11840/pi61386
1,https://hdl.handle.net/20.500.11840/pi61410
115,https://hdl.handle.net/20.500.11840/pi61420
2,https://hdl.handle.net/20.500.11840/pi61450
1,https://hdl.handle.net/20.500.11840/pi61503
369,https://hdl.handle.net/20.500.11840/pi61552
3,https://hdl.handle.net/20.500.11840/pi61569
2,https://hdl.handle.net/20.500.11840/pi616
1,https://hdl.handle.net/20.500.11840/pi6172
15,https://hdl.handle.net/20.500.11840/pi618
1,https://hdl.handle.net/20.500.11840/pi62078
14,https://hdl.handle.net/20.500.11840/pi62174
1,https://hdl.handle.net/20.500.11840/pi62271
1,https://hdl.handle.net/20.500.11840/pi62313
1,https://hdl.handle.net/20.500.11840/pi62318
1,https://hdl.handle.net/20.500.11840/pi62326
1,https://hdl.handle.net/20.500.11840/pi62331
1,https://hdl.handle.net/20.500.11840/pi62333
1,https://hdl.handle.net/20.500.11840/pi62342
1,https://hdl.handle.net/20.500.11840/pi62353
1,https://hdl.handle.net/20.500.11840/pi62370
2,https://hdl.handle.net/20.500.11840/pi62374
1,https://hdl.handle.net/20.500.11840/pi62375
22,https://hdl.handle.net/20.500.11840/pi62388
1,https://hdl.handle.net/20.500.11840/pi62391
1,https://hdl.handle.net/20.500.11840/pi62393
2,https://hdl.handle.net/20.500.11840/pi62396
1,https://hdl.handle.net/20.500.11840/pi62397
1,https://hdl.handle.net/20.500.11840/pi62399
1,https://hdl.handle.net/20.500.11840/pi62400
1,https://hdl.handle.net/20.500.11840/pi62412
3,https://hdl.handle.net/20.500.11840/pi62421
10,https://hdl.handle.net/20.500.11840/pi62427
1,https://hdl.handle.net/20.500.11840/pi62429
1,https://hdl.handle.net/20.500.11840/pi62431
1,https://hdl.handle.net/20.500.11840/pi62433
1,https://hdl.handle.net/20.500.11840/pi62438
1,https://hdl.handle.net/20.500.11840/pi62440
4,https://hdl.handle.net/20.500.11840/pi62441
7,https://hdl.handle.net/20.500.11840/pi62443
1,https://hdl.handle.net/20.500.11840/pi62454
1,https://hdl.handle.net/20.500.11840/pi62456
1,https://hdl.handle.net/20.500.11840/pi62465
2,https://hdl.handle.net/20.500.11840/pi62466
2,https://hdl.handle.net/20.500.11840/pi62475
1,https://hdl.handle.net/20.500.11840/pi62476
1,https://hdl.handle.net/20.500.11840/pi62481
1,https://hdl.handle.net/20.500.11840/pi62483
1,https://hdl.handle.net/20.500.11840/pi62487
1,https://hdl.handle.net/20.500.11840/pi62494
1,https://hdl.handle.net/20.500.11840/pi625
3,https://hdl.handle.net/20.500.11840/pi62502
1,https://hdl.handle.net/20.500.11840/pi62509
1,https://hdl.handle.net/20.500.11840/pi62516
1,https://hdl.handle.net/20.500.11840/pi62524
1,https://hdl.handle.net/20.500.11840/pi62527
1,https://hdl.handle.net/20.500.11840/pi62533
1,https://hdl.handle.net/20.500.11840/pi62536
12,https://hdl.handle.net/20.500.11840/pi62538
1,https://hdl.handle.net/20.500.11840/pi62539
4,https://hdl.handle.net/20.500.11840/pi62555
1,https://hdl.handle.net/20.500.11840/pi62566
1,https://hdl.handle.net/20.500.11840/pi62568
1,https://hdl.handle.net/20.500.11840/pi62571
1,https://hdl.handle.net/20.500.11840/pi62573
1,https://hdl.handle.net/20.500.11840/pi62576
1,https://hdl.handle.net/20.500.11840/pi62584
31,https://hdl.handle.net/20.500.11840/pi62616
1,https://hdl.handle.net/20.500.11840/pi62625
5,https://hdl.handle.net/20.500.11840/pi62627
1,https://hdl.handle.net/20.500.11840/pi62630
1,https://hdl.handle.net/20.500.11840/pi62638
1,https://hdl.handle.net/20.500.11840/pi62641
5,https://hdl.handle.net/20.500.11840/pi62648
1,https://hdl.handle.net/20.500.11840/pi62654
2,https://hdl.handle.net/20.500.11840/pi62656
7,https://hdl.handle.net/20.500.11840/pi62657
1,https://hdl.handle.net/20.500.11840/pi62658
4,https://hdl.handle.net/20.500.11840/pi6266
1,https://hdl.handle.net/20.500.11840/pi62667
1,https://hdl.handle.net/20.500.11840/pi62669
1,https://hdl.handle.net/20.500.11840/pi62670
2,https://hdl.handle.net/20.500.11840/pi62675
1,https://hdl.handle.net/20.500.11840/pi62677
2,https://hdl.handle.net/20.500.11840/pi62678
1,https://hdl.handle.net/20.500.11840/pi62679
1,https://hdl.handle.net/20.500.11840/pi6269
2,https://hdl.handle.net/20.500.11840/pi62691
4,https://hdl.handle.net/20.500.11840/pi6270
1,https://hdl.handle.net/20.500.11840/pi62703
13,https://hdl.handle.net/20.500.11840/pi62711
13,https://hdl.handle.net/20.500.11840/pi62712
1,https://hdl.handle.net/20.500.11840/pi62724
1,https://hdl.handle.net/20.500.11840/pi62730
1,https://hdl.handle.net/20.500.11840/pi62733
1,https://hdl.handle.net/20.500.11840/pi62746
1,https://hdl.handle.net/20.500.11840/pi62747
12,https://hdl.handle.net/20.500.11840/pi62748
1,https://hdl.handle.net/20.500.11840/pi62749
1,https://hdl.handle.net/20.500.11840/pi62752
2,https://hdl.handle.net/20.500.11840/pi62768
11,https://hdl.handle.net/20.500.11840/pi62793
1,https://hdl.handle.net/20.500.11840/pi62809
1,https://hdl.handle.net/20.500.11840/pi62817
7,https://hdl.handle.net/20.500.11840/pi62820
1,https://hdl.handle.net/20.500.11840/pi62830
1,https://hdl.handle.net/20.500.11840/pi62831
1,https://hdl.handle.net/20.500.11840/pi62841
1,https://hdl.handle.net/20.500.11840/pi62845
2,https://hdl.handle.net/20.500.11840/pi62848
1,https://hdl.handle.net/20.500.11840/pi62855
1,https://hdl.handle.net/20.500.11840/pi62856
2,https://hdl.handle.net/20.500.11840/pi62859
1,https://hdl.handle.net/20.500.11840/pi62861
1,https://hdl.handle.net/20.500.11840/pi62862
1,https://hdl.handle.net/20.500.11840/pi62863
1,https://hdl.handle.net/20.500.11840/pi62869
7,https://hdl.handle.net/20.500.11840/pi62877
1,https://hdl.handle.net/20.500.11840/pi62880
1,https://hdl.handle.net/20.500.11840/pi62890
1,https://hdl.handle.net/20.500.11840/pi62893
1,https://hdl.handle.net/20.500.11840/pi62898
1,https://hdl.handle.net/20.500.11840/pi62899
1,https://hdl.handle.net/20.500.11840/pi62905
1,https://hdl.handle.net/20.500.11840/pi62906
1,https://hdl.handle.net/20.500.11840/pi62913
5,https://hdl.handle.net/20.500.11840/pi62919
1,https://hdl.handle.net/20.500.11840/pi62923
4,https://hdl.handle.net/20.500.11840/pi62939
1,https://hdl.handle.net/20.500.11840/pi62940
1,https://hdl.handle.net/20.500.11840/pi62945
1,https://hdl.handle.net/20.500.11840/pi62949
16,https://hdl.handle.net/20.500.11840/pi62950
2,https://hdl.handle.net/20.500.11840/pi62963
1,https://hdl.handle.net/20.500.11840/pi62964
2,https://hdl.handle.net/20.500.11840/pi62973
1,https://hdl.handle.net/20.500.11840/pi62974
5,https://hdl.handle.net/20.500.11840/pi62980
1,https://hdl.handle.net/20.500.11840/pi62981
1,https://hdl.handle.net/20.500.11840/pi62984
1,https://hdl.handle.net/20.500.11840/pi62985
1,https://hdl.handle.net/20.500.11840/pi62986
7,https://hdl.handle.net/20.500.11840/pi630
1,https://hdl.handle.net/20.500.11840/pi63005
1,https://hdl.handle.net/20.500.11840/pi63006
1,https://hdl.handle.net/20.500.11840/pi63013
7,https://hdl.handle.net/20.500.11840/pi63015
1,https://hdl.handle.net/20.500.11840/pi63023
1,https://hdl.handle.net/20.500.11840/pi63027
1,https://hdl.handle.net/20.500.11840/pi63034
1,https://hdl.handle.net/20.500.11840/pi63037
1,https://hdl.handle.net/20.500.11840/pi63042
1,https://hdl.handle.net/20.500.11840/pi63048
1,https://hdl.handle.net/20.500.11840/pi63052
1,https://hdl.handle.net/20.500.11840/pi63065
18,https://hdl.handle.net/20.500.11840/pi63076
18,https://hdl.handle.net/20.500.11840/pi63077
34,https://hdl.handle.net/20.500.11840/pi63081
34,https://hdl.handle.net/20.500.11840/pi63082
2,https://hdl.handle.net/20.500.11840/pi63086
1,https://hdl.handle.net/20.500.11840/pi63094
1,https://hdl.handle.net/20.500.11840/pi63095
1,https://hdl.handle.net/20.500.11840/pi63098
1,https://hdl.handle.net/20.500.11840/pi63107
5,https://hdl.handle.net/20.500.11840/pi63108
1,https://hdl.handle.net/20.500.11840/pi63119
1,https://hdl.handle.net/20.500.11840/pi63124
2,https://hdl.handle.net/20.500.11840/pi63132
1,https://hdl.handle.net/20.500.11840/pi63137
1,https://hdl.handle.net/20.500.11840/pi63142
1,https://hdl.handle.net/20.500.11840/pi63143
2,https://hdl.handle.net/20.500.11840/pi63145
7,https://hdl.handle.net/20.500.11840/pi63149
1,https://hdl.handle.net/20.500.11840/pi63151
1,https://hdl.handle.net/20.500.11840/pi63154
2,https://hdl.handle.net/20.500.11840/pi63157
1,https://hdl.handle.net/20.500.11840/pi63159
1,https://hdl.handle.net/20.500.11840/pi63165
1,https://hdl.handle.net/20.500.11840/pi63167
1,https://hdl.handle.net/20.500.11840/pi63173
2,https://hdl.handle.net/20.500.11840/pi63175
1,https://hdl.handle.net/20.500.11840/pi63179
2,https://hdl.handle.net/20.500.11840/pi63180
1,https://hdl.handle.net/20.500.11840/pi63188
9,https://hdl.handle.net/20.500.11840/pi63190
1,https://hdl.handle.net/20.500.11840/pi63209
1,https://hdl.handle.net/20.500.11840/pi63221
1,https://hdl.handle.net/20.500.11840/pi63231
1,https://hdl.handle.net/20.500.11840/pi63245
1,https://hdl.handle.net/20.500.11840/pi63246
1,https://hdl.handle.net/20.500.11840/pi63250
1,https://hdl.handle.net/20.500.11840/pi63260
1,https://hdl.handle.net/20.500.11840/pi63281
1,https://hdl.handle.net/20.500.11840/pi63282
16,https://hdl.handle.net/20.500.11840/pi63286
1,https://hdl.handle.net/20.500.11840/pi63287
1,https://hdl.handle.net/20.500.11840/pi63290
1,https://hdl.handle.net/20.500.11840/pi63298
6,https://hdl.handle.net/20.500.11840/pi63310
4,https://hdl.handle.net/20.500.11840/pi63324
4,https://hdl.handle.net/20.500.11840/pi63325
2,https://hdl.handle.net/20.500.11840/pi63335
1,https://hdl.handle.net/20.500.11840/pi63336
1,https://hdl.handle.net/20.500.11840/pi63341
81,https://hdl.handle.net/20.500.11840/pi63351
1,https://hdl.handle.net/20.500.11840/pi63369
2,https://hdl.handle.net/20.500.11840/pi63377
5,https://hdl.handle.net/20.500.11840/pi63379
1,https://hdl.handle.net/20.500.11840/pi63400
1,https://hdl.handle.net/20.500.11840/pi63404
1,https://hdl.handle.net/20.500.11840/pi63416
1,https://hdl.handle.net/20.500.11840/pi63417
1,https://hdl.handle.net/20.500.11840/pi63435
8,https://hdl.handle.net/20.500.11840/pi63437
3,https://hdl.handle.net/20.500.11840/pi63454
81,https://hdl.handle.net/20.500.11840/pi63459
3,https://hdl.handle.net/20.500.11840/pi63460
2,https://hdl.handle.net/20.500.11840/pi63469
6,https://hdl.handle.net/20.500.11840/pi63470
12,https://hdl.handle.net/20.500.11840/pi63473
1,https://hdl.handle.net/20.500.11840/pi63474
2,https://hdl.handle.net/20.500.11840/pi63496
1,https://hdl.handle.net/20.500.11840/pi63507
5,https://hdl.handle.net/20.500.11840/pi63510
1,https://hdl.handle.net/20.500.11840/pi63517
1,https://hdl.handle.net/20.500.11840/pi63520
2,https://hdl.handle.net/20.500.11840/pi63526
2,https://hdl.handle.net/20.500.11840/pi63534
4,https://hdl.handle.net/20.500.11840/pi63547
2,https://hdl.handle.net/20.500.11840/pi63564
1,https://hdl.handle.net/20.500.11840/pi63568
1,https://hdl.handle.net/20.500.11840/pi63571
2,https://hdl.handle.net/20.500.11840/pi63573
1,https://hdl.handle.net/20.500.11840/pi63574
1,https://hdl.handle.net/20.500.11840/pi63580
1,https://hdl.handle.net/20.500.11840/pi63584
1,https://hdl.handle.net/20.500.11840/pi63591
1,https://hdl.handle.net/20.500.11840/pi63595
3,https://hdl.handle.net/20.500.11840/pi636
10,https://hdl.handle.net/20.500.11840/pi63611
3,https://hdl.handle.net/20.500.11840/pi63625
5,https://hdl.handle.net/20.500.11840/pi63639
1,https://hdl.handle.net/20.500.11840/pi63643
1,https://hdl.handle.net/20.500.11840/pi63648
2,https://hdl.handle.net/20.500.11840/pi63663
1,https://hdl.handle.net/20.500.11840/pi63665
1,https://hdl.handle.net/20.500.11840/pi63686
1,https://hdl.handle.net/20.500.11840/pi63692
1,https://hdl.handle.net/20.500.11840/pi63696
3,https://hdl.handle.net/20.500.11840/pi63701
2,https://hdl.handle.net/20.500.11840/pi63702
1,https://hdl.handle.net/20.500.11840/pi63716
3,https://hdl.handle.net/20.500.11840/pi63730
2,https://hdl.handle.net/20.500.11840/pi63736
1,https://hdl.handle.net/20.500.11840/pi63739
23,https://hdl.handle.net/20.500.11840/pi63740
1,https://hdl.handle.net/20.500.11840/pi63741
4,https://hdl.handle.net/20.500.11840/pi63751
1,https://hdl.handle.net/20.500.11840/pi63768
1,https://hdl.handle.net/20.500.11840/pi63770
5,https://hdl.handle.net/20.500.11840/pi63776
3,https://hdl.handle.net/20.500.11840/pi63781
1,https://hdl.handle.net/20.500.11840/pi63783
1,https://hdl.handle.net/20.500.11840/pi63785
12,https://hdl.handle.net/20.500.11840/pi63788
1,https://hdl.handle.net/20.500.11840/pi63797
5,https://hdl.handle.net/20.500.11840/pi63802
2,https://hdl.handle.net/20.500.11840/pi63806
3,https://hdl.handle.net/20.500.11840/pi63818
1,https://hdl.handle.net/20.500.11840/pi63819
1,https://hdl.handle.net/20.500.11840/pi63821
1,https://hdl.handle.net/20.500.11840/pi63825
29,https://hdl.handle.net/20.500.11840/pi63834
2,https://hdl.handle.net/20.500.11840/pi63837
1,https://hdl.handle.net/20.500.11840/pi63840
2,https://hdl.handle.net/20.500.11840/pi63846
8,https://hdl.handle.net/20.500.11840/pi63851
123,https://hdl.handle.net/20.500.11840/pi63858
123,https://hdl.handle.net/20.500.11840/pi63860
1,https://hdl.handle.net/20.500.11840/pi63861
1,https://hdl.handle.net/20.500.11840/pi63862
2,https://hdl.handle.net/20.500.11840/pi63881
1,https://hdl.handle.net/20.500.11840/pi63885
1,https://hdl.handle.net/20.500.11840/pi63891
1,https://hdl.handle.net/20.500.11840/pi63893
1,https://hdl.handle.net/20.500.11840/pi63898
1,https://hdl.handle.net/20.500.11840/pi63900
1,https://hdl.handle.net/20.500.11840/pi63908
1,https://hdl.handle.net/20.500.11840/pi63909
33,https://hdl.handle.net/20.500.11840/pi63923
2,https://hdl.handle.net/20.500.11840/pi63924
1,https://hdl.handle.net/20.500.11840/pi63932
4,https://hdl.handle.net/20.500.11840/pi63934
1,https://hdl.handle.net/20.500.11840/pi63943
1,https://hdl.handle.net/20.500.11840/pi63952
1,https://hdl.handle.net/20.500.11840/pi63953
1,https://hdl.handle.net/20.500.11840/pi63957
1,https://hdl.handle.net/20.500.11840/pi63958
1,https://hdl.handle.net/20.500.11840/pi63970
9,https://hdl.handle.net/20.500.11840/pi63972
1,https://hdl.handle.net/20.500.11840/pi63977
2,https://hdl.handle.net/20.500.11840/pi63978
1,https://hdl.handle.net/20.500.11840/pi63982
6,https://hdl.handle.net/20.500.11840/pi63992
1,https://hdl.handle.net/20.500.11840/pi640
1,https://hdl.handle.net/20.500.11840/pi64012
1,https://hdl.handle.net/20.500.11840/pi64020
1,https://hdl.handle.net/20.500.11840/pi64025
1,https://hdl.handle.net/20.500.11840/pi64031
1,https://hdl.handle.net/20.500.11840/pi64038
2,https://hdl.handle.net/20.500.11840/pi64039
1,https://hdl.handle.net/20.500.11840/pi64049
2,https://hdl.handle.net/20.500.11840/pi64054
2,https://hdl.handle.net/20.500.11840/pi64058
2,https://hdl.handle.net/20.500.11840/pi64059
5,https://hdl.handle.net/20.500.11840/pi64067
1,https://hdl.handle.net/20.500.11840/pi64073
1,https://hdl.handle.net/20.500.11840/pi64084
1,https://hdl.handle.net/20.500.11840/pi64088
1,https://hdl.handle.net/20.500.11840/pi64092
1,https://hdl.handle.net/20.500.11840/pi64095
1,https://hdl.handle.net/20.500.11840/pi64096
1,https://hdl.handle.net/20.500.11840/pi64097
1,https://hdl.handle.net/20.500.11840/pi64099
1,https://hdl.handle.net/20.500.11840/pi64100
33,https://hdl.handle.net/20.500.11840/pi64101
2,https://hdl.handle.net/20.500.11840/pi64106
1,https://hdl.handle.net/20.500.11840/pi64108
1,https://hdl.handle.net/20.500.11840/pi64109
1,https://hdl.handle.net/20.500.11840/pi64114
1,https://hdl.handle.net/20.500.11840/pi64118
1,https://hdl.handle.net/20.500.11840/pi64124
1,https://hdl.handle.net/20.500.11840/pi64129
1,https://hdl.handle.net/20.500.11840/pi64234
2,https://hdl.handle.net/20.500.11840/pi644
1,https://hdl.handle.net/20.500.11840/pi646
21,https://hdl.handle.net/20.500.11840/pi65365
5,https://hdl.handle.net/20.500.11840/pi657
1,https://hdl.handle.net/20.500.11840/pi65784
1,https://hdl.handle.net/20.500.11840/pi666
4,https://hdl.handle.net/20.500.11840/pi66668
1,https://hdl.handle.net/20.500.11840/pi66955
9,https://hdl.handle.net/20.500.11840/pi673
2,https://hdl.handle.net/20.500.11840/pi678
136,https://hdl.handle.net/20.500.11840/pi6789
1,https://hdl.handle.net/20.500.11840/pi6794
1,https://hdl.handle.net/20.500.11840/pi6795
1,https://hdl.handle.net/20.500.11840/pi6798
1,https://hdl.handle.net/20.500.11840/pi6799
1,https://hdl.handle.net/20.500.11840/pi6801
2,https://hdl.handle.net/20.500.11840/pi6802
1,https://hdl.handle.net/20.500.11840/pi6803
15,https://hdl.handle.net/20.500.11840/pi6804
10,https://hdl.handle.net/20.500.11840/pi6805
8,https://hdl.handle.net/20.500.11840/pi6806
5,https://hdl.handle.net/20.500.11840/pi6809
1,https://hdl.handle.net/20.500.11840/pi6811
1,https://hdl.handle.net/20.500.11840/pi6815
1,https://hdl.handle.net/20.500.11840/pi6817
1,https://hdl.handle.net/20.500.11840/pi6819
1,https://hdl.handle.net/20.500.11840/pi6822
1,https://hdl.handle.net/20.500.11840/pi68314
1,https://hdl.handle.net/20.500.11840/pi68318
1,https://hdl.handle.net/20.500.11840/pi6837
12,https://hdl.handle.net/20.500.11840/pi6848
7,https://hdl.handle.net/20.500.11840/pi685
1,https://hdl.handle.net/20.500.11840/pi6853
1,https://hdl.handle.net/20.500.11840/pi68532
3,https://hdl.handle.net/20.500.11840/pi6854
8,https://hdl.handle.net/20.500.11840/pi6855
1,https://hdl.handle.net/20.500.11840/pi6856
1,https://hdl.handle.net/20.500.11840/pi6857
1,https://hdl.handle.net/20.500.11840/pi6861
1,https://hdl.handle.net/20.500.11840/pi6866
1,https://hdl.handle.net/20.500.11840/pi6869
1,https://hdl.handle.net/20.500.11840/pi687
6,https://hdl.handle.net/20.500.11840/pi6874
6,https://hdl.handle.net/20.500.11840/pi6875
489,https://hdl.handle.net/20.500.11840/pi6876
1,https://hdl.handle.net/20.500.11840/pi6879
10,https://hdl.handle.net/20.500.11840/pi688
2,https://hdl.handle.net/20.500.11840/pi6880
2,https://hdl.handle.net/20.500.11840/pi6884
4,https://hdl.handle.net/20.500.11840/pi6890
1,https://hdl.handle.net/20.500.11840/pi6895
1,https://hdl.handle.net/20.500.11840/pi6896
1,https://hdl.handle.net/20.500.11840/pi6897
1,https://hdl.handle.net/20.500.11840/pi68997
8,https://hdl.handle.net/20.500.11840/pi690
1,https://hdl.handle.net/20.500.11840/pi6902
1,https://hdl.handle.net/20.500.11840/pi6905
10,https://hdl.handle.net/20.500.11840/pi6906
1,https://hdl.handle.net/20.500.11840/pi6912
1,https://hdl.handle.net/20.500.11840/pi6913
9,https://hdl.handle.net/20.500.11840/pi6919
1,https://hdl.handle.net/20.500.11840/pi692
2,https://hdl.handle.net/20.500.11840/pi6921
5,https://hdl.handle.net/20.500.11840/pi6925
1,https://hdl.handle.net/20.500.11840/pi69307
3,https://hdl.handle.net/20.500.11840/pi6931
1,https://hdl.handle.net/20.500.11840/pi6932
1,https://hdl.handle.net/20.500.11840/pi6934
1,https://hdl.handle.net/20.500.11840/pi6935
2,https://hdl.handle.net/20.500.11840/pi6940
29,https://hdl.handle.net/20.500.11840/pi6943
4,https://hdl.handle.net/20.500.11840/pi6953
1,https://hdl.handle.net/20.500.11840/pi69530
1,https://hdl.handle.net/20.500.11840/pi69566
1,https://hdl.handle.net/20.500.11840/pi69568
2,https://hdl.handle.net/20.500.11840/pi6957
1,https://hdl.handle.net/20.500.11840/pi696
3,https://hdl.handle.net/20.500.11840/pi6960
4,https://hdl.handle.net/20.500.11840/pi6961
16,https://hdl.handle.net/20.500.11840/pi6963
1,https://hdl.handle.net/20.500.11840/pi6968
9,https://hdl.handle.net/20.500.11840/pi6969
1,https://hdl.handle.net/20.500.11840/pi6970
27,https://hdl.handle.net/20.500.11840/pi6972
38,https://hdl.handle.net/20.500.11840/pi6974
34,https://hdl.handle.net/20.500.11840/pi6976
3,https://hdl.handle.net/20.500.11840/pi6985
1,https://hdl.handle.net/20.500.11840/pi6987
1,https://hdl.handle.net/20.500.11840/pi69871
1,https://hdl.handle.net/20.500.11840/pi6989
2,https://hdl.handle.net/20.500.11840/pi699
2,https://hdl.handle.net/20.500.11840/pi6992
2,https://hdl.handle.net/20.500.11840/pi6998
1,https://hdl.handle.net/20.500.11840/pi6999
1,https://hdl.handle.net/20.500.11840/pi7000
7,https://hdl.handle.net/20.500.11840/pi7006
49,https://hdl.handle.net/20.500.11840/pi7008
1,https://hdl.handle.net/20.500.11840/pi7011
2,https://hdl.handle.net/20.500.11840/pi7014
9,https://hdl.handle.net/20.500.11840/pi7022
1,https://hdl.handle.net/20.500.11840/pi7029
3,https://hdl.handle.net/20.500.11840/pi703
1,https://hdl.handle.net/20.500.11840/pi7031
1,https://hdl.handle.net/20.500.11840/pi7041
1,https://hdl.handle.net/20.500.11840/pi7047
1,https://hdl.handle.net/20.500.11840/pi7051
9,https://hdl.handle.net/20.500.11840/pi7052
2,https://hdl.handle.net/20.500.11840/pi707
2,https://hdl.handle.net/20.500.11840/pi708
347,https://hdl.handle.net/20.500.11840/pi7087
1,https://hdl.handle.net/20.500.11840/pi7091
143,https://hdl.handle.net/20.500.11840/pi7103
1,https://hdl.handle.net/20.500.11840/pi7128
35,https://hdl.handle.net/20.500.11840/pi7132
17,https://hdl.handle.net/20.500.11840/pi7136
5,https://hdl.handle.net/20.500.11840/pi7137
2,https://hdl.handle.net/20.500.11840/pi7138
1,https://hdl.handle.net/20.500.11840/pi7179
1,https://hdl.handle.net/20.500.11840/pi7186
33,https://hdl.handle.net/20.500.11840/pi7187
1,https://hdl.handle.net/20.500.11840/pi7189
5,https://hdl.handle.net/20.500.11840/pi7190
2,https://hdl.handle.net/20.500.11840/pi7191
3,https://hdl.handle.net/20.500.11840/pi7194
339,https://hdl.handle.net/20.500.11840/pi7196
7,https://hdl.handle.net/20.500.11840/pi7197
1,https://hdl.handle.net/20.500.11840/pi7199
7,https://hdl.handle.net/20.500.11840/pi7207
4,https://hdl.handle.net/20.500.11840/pi721
4,https://hdl.handle.net/20.500.11840/pi7213
1,https://hdl.handle.net/20.500.11840/pi7222
1,https://hdl.handle.net/20.500.11840/pi7223
38,https://hdl.handle.net/20.500.11840/pi7224
1,https://hdl.handle.net/20.500.11840/pi7226
1,https://hdl.handle.net/20.500.11840/pi7227
3,https://hdl.handle.net/20.500.11840/pi7228
3,https://hdl.handle.net/20.500.11840/pi7230
2,https://hdl.handle.net/20.500.11840/pi7233
4,https://hdl.handle.net/20.500.11840/pi7234
1,https://hdl.handle.net/20.500.11840/pi7236
13,https://hdl.handle.net/20.500.11840/pi7238
6,https://hdl.handle.net/20.500.11840/pi7243
2,https://hdl.handle.net/20.500.11840/pi7244
2,https://hdl.handle.net/20.500.11840/pi7248
1,https://hdl.handle.net/20.500.11840/pi7251
7,https://hdl.handle.net/20.500.11840/pi7253
1,https://hdl.handle.net/20.500.11840/pi7255
1,https://hdl.handle.net/20.500.11840/pi7259
1,https://hdl.handle.net/20.500.11840/pi7260
7,https://hdl.handle.net/20.500.11840/pi7263
2,https://hdl.handle.net/20.500.11840/pi7264
16,https://hdl.handle.net/20.500.11840/pi7265
1,https://hdl.handle.net/20.500.11840/pi7267
17,https://hdl.handle.net/20.500.11840/pi7268
1,https://hdl.handle.net/20.500.11840/pi7271
1,https://hdl.handle.net/20.500.11840/pi7273
2,https://hdl.handle.net/20.500.11840/pi728
2,https://hdl.handle.net/20.500.11840/pi7340
2,https://hdl.handle.net/20.500.11840/pi737
7,https://hdl.handle.net/20.500.11840/pi740
2,https://hdl.handle.net/20.500.11840/pi7419
1,https://hdl.handle.net/20.500.11840/pi7423
21,https://hdl.handle.net/20.500.11840/pi74989
2,https://hdl.handle.net/20.500.11840/pi75168
1,https://hdl.handle.net/20.500.11840/pi75174
1,https://hdl.handle.net/20.500.11840/pi7524
1,https://hdl.handle.net/20.500.11840/pi754
1,https://hdl.handle.net/20.500.11840/pi758
1,https://hdl.handle.net/20.500.11840/pi7645
1,https://hdl.handle.net/20.500.11840/pi7650
2,https://hdl.handle.net/20.500.11840/pi7656
2,https://hdl.handle.net/20.500.11840/pi76588
1,https://hdl.handle.net/20.500.11840/pi7661
453,https://hdl.handle.net/20.500.11840/pi767
4,https://hdl.handle.net/20.500.11840/pi7690
1,https://hdl.handle.net/20.500.11840/pi77107
114,https://hdl.handle.net/20.500.11840/pi7714
1,https://hdl.handle.net/20.500.11840/pi7715
2,https://hdl.handle.net/20.500.11840/pi77150
1,https://hdl.handle.net/20.500.11840/pi7740
4,https://hdl.handle.net/20.500.11840/pi7749
1,https://hdl.handle.net/20.500.11840/pi776
1,https://hdl.handle.net/20.500.11840/pi7785
10,https://hdl.handle.net/20.500.11840/pi780
2,https://hdl.handle.net/20.500.11840/pi7818
1,https://hdl.handle.net/20.500.11840/pi7819
2,https://hdl.handle.net/20.500.11840/pi7820
2,https://hdl.handle.net/20.500.11840/pi7823
2,https://hdl.handle.net/20.500.11840/pi7824
5,https://hdl.handle.net/20.500.11840/pi783
2,https://hdl.handle.net/20.500.11840/pi7844
1,https://hdl.handle.net/20.500.11840/pi78491
1,https://hdl.handle.net/20.500.11840/pi786
1,https://hdl.handle.net/20.500.11840/pi7863
1,https://hdl.handle.net/20.500.11840/pi7881
1,https://hdl.handle.net/20.500.11840/pi7882
1,https://hdl.handle.net/20.500.11840/pi7974
5,https://hdl.handle.net/20.500.11840/pi7983
1,https://hdl.handle.net/20.500.11840/pi79922
3,https://hdl.handle.net/20.500.11840/pi800
3,https://hdl.handle.net/20.500.11840/pi80283
1,https://hdl.handle.net/20.500.11840/pi8047
1,https://hdl.handle.net/20.500.11840/pi8054
24,https://hdl.handle.net/20.500.11840/pi8062
1,https://hdl.handle.net/20.500.11840/pi8067
1,https://hdl.handle.net/20.500.11840/pi8080
1,https://hdl.handle.net/20.500.11840/pi80807
2,https://hdl.handle.net/20.500.11840/pi80831
1,https://hdl.handle.net/20.500.11840/pi80848
2,https://hdl.handle.net/20.500.11840/pi8095
1,https://hdl.handle.net/20.500.11840/pi8116
1,https://hdl.handle.net/20.500.11840/pi8120
2,https://hdl.handle.net/20.500.11840/pi8122
3,https://hdl.handle.net/20.500.11840/pi8124
1,https://hdl.handle.net/20.500.11840/pi81749
5,https://hdl.handle.net/20.500.11840/pi8185
7,https://hdl.handle.net/20.500.11840/pi8188
1,https://hdl.handle.net/20.500.11840/pi8202
1,https://hdl.handle.net/20.500.11840/pi8222
1,https://hdl.handle.net/20.500.11840/pi8223
7,https://hdl.handle.net/20.500.11840/pi8226
20,https://hdl.handle.net/20.500.11840/pi8228
2,https://hdl.handle.net/20.500.11840/pi82330
1,https://hdl.handle.net/20.500.11840/pi82339
5,https://hdl.handle.net/20.500.11840/pi8235
2,https://hdl.handle.net/20.500.11840/pi82519
1,https://hdl.handle.net/20.500.11840/pi82562
1,https://hdl.handle.net/20.500.11840/pi82619
9,https://hdl.handle.net/20.500.11840/pi828
2,https://hdl.handle.net/20.500.11840/pi829
45,https://hdl.handle.net/20.500.11840/pi849
1,https://hdl.handle.net/20.500.11840/pi855
1,https://hdl.handle.net/20.500.11840/pi859
3,https://hdl.handle.net/20.500.11840/pi86
1,https://hdl.handle.net/20.500.11840/pi860
26,https://hdl.handle.net/20.500.11840/pi870
3,https://hdl.handle.net/20.500.11840/pi872
14,https://hdl.handle.net/20.500.11840/pi873
24,https://hdl.handle.net/20.500.11840/pi88
2,https://hdl.handle.net/20.500.11840/pi883
12,https://hdl.handle.net/20.500.11840/pi887
5,https://hdl.handle.net/20.500.11840/pi900
1,https://hdl.handle.net/20.500.11840/pi904
48,https://hdl.handle.net/20.500.11840/pi913
1,https://hdl.handle.net/20.500.11840/pi933
1,https://hdl.handle.net/20.500.11840/pi941
1,https://hdl.handle.net/20.500.11840/pi942
168,https://hdl.handle.net/20.500.11840/pi95
1,https://hdl.handle.net/20.500.11840/pi951
9,https://hdl.handle.net/20.500.11840/pi953
2,https://hdl.handle.net/20.500.11840/pi956
1,https://hdl.handle.net/20.500.11840/pi962
5,https://hdl.handle.net/20.500.11840/pi974
1,https://hdl.handle.net/20.500.11840/pi982
4,https://hdl.handle.net/20.500.11840/pi983
2,https://hdl.handle.net/20.500.11840/pi988
5,https://hdl.handle.net/20.500.11840/pi989
10,https://hdl.handle.net/20.500.11840/pi991
5,https://hdl.handle.net/20.500.11840/pi992
5,https://hdl.handle.net/20.500.11840/pi993